id,slug,url,name,description,category,platform,platform_role,tags,authors,repository,repository_host,registry,registry_name,doi,publication,website,blogpost,youtube,twitter,internetarchive,notes
5700bb,quantaar,https://open-archaeo.info/post/quantaar/,quantAAR,R Library for Quantitative Analysis in Archaeology.,Packages and libraries,R,language,Statistical analysis,ISAAKiel,https://github.com/ISAAKiel/quantAAR,GitHub,,,,,,,,,https://archive.org/details/github.com-ISAAKiel-quantAAR_-_2020-07-09_13-14-14,
7c02a1,tabula,https://open-archaeo.info/post/tabula/,tabula,Analysis and visualization of archaeological count data.,Packages and libraries,R,language,Statistical analysis|Seriation,nfrerebeau,https://codeberg.org/tesselle/tabula,Codeberg,https://CRAN.R-project.org/package=tabula,CRAN,10.5281/zenodo.1489944,https://doi.org/10.21105/joss.01821,https://packages.tesselle.org/tabula/,,,,https://archive.org/details/github.com-tesselle-tabula_-_2021-01-26_20-01-25,
57d10d,tosca,https://open-archaeo.info/post/tosca/,tosca,Tool for online seriation and correspondence analysis.,Scripts,R,language,Statistical analysis,ISAAKiel,https://github.com/ISAAKiel/tosca,GitHub,,,,,,,,,,
bf29c1,cainterprtools,https://open-archaeo.info/post/cainterprtools/,CAinterprTools,R package to help interpreting correspondence analysis' results.,Packages and libraries,R,language,Statistical analysis,gianmarcoalberti,https://github.com/gianmarcoalberti/CAinterprTools,GitHub,,,,,,,,,https://archive.org/details/github.com-gianmarcoalberti-CAinterprTools_-_2018-05-30_15-29-32,
584689,caseriation,https://open-archaeo.info/post/caseriation/,CAseriation,R package for contingency tables seriation via correspondence analysis.,Packages and libraries,R,language,Statistical analysis|Seriation,gianmarcoalberti,https://github.com/gianmarcoalberti/CAseriation,GitHub,,,,,,,,,https://archive.org/details/github.com-gianmarcoalberti-CAseriation_-_2018-06-10_15-14-41,
c24b6c,binomial-co-occurrence-assessment,https://open-archaeo.info/post/binomial-co-occurrence-assessment/,Binomial-Co-occurrence-Assessment,R script that implements a means for statistically assessing the degree of co-occurrence between classes within a dataset.,Scripts,R,language,Statistical analysis,mpeeples2008,https://github.com/mpeeples2008/Binomial-Co-occurrence-Assessment,GitHub,,,,,,,,,https://archive.org/details/github.com-mpeeples2008-Binomial-Co-occurrence-Assessment_-_2018-05-11_03-58-41,
272bf9,kmeans,https://open-archaeo.info/post/kmeans/,Kmeans,Script for conducting k-means cluster analysis using r. This script provides output designed to help the user select an appropriate cluster solution.,Scripts,R,language,Statistical analysis,mpeeples2008,https://github.com/mpeeples2008/Kmeans,GitHub,,,,,http://www.mattpeeples.net/kmeans.html,,,,https://archive.org/details/github.com-mpeeples2008-Kmeans_-_2018-05-10_22-06-21,
1b8a46,brainerd-robinson-similarity-coefficient-and-sampling-error-assessment,https://open-archaeo.info/post/brainerd-robinson-similarity-coefficient-and-sampling-error-assessment/,Brainerd-Robinson-Similarity-Coefficient-and-Sampling-Error-Assessment,Script for calculating brainerd-robinson coefficients based on tabular count or percent data. This script also estimates the probability that a given difference between two samples is the product of sampling error.,Scripts,R,language,Statistical analysis,mpeeples2008,https://github.com/mpeeples2008/Brainerd-Robinson-Similarity-Coefficient-and-Sampling-Error-Assessment,GitHub,,,,,http://www.mattpeeples.net/BR.html,,,,https://archive.org/details/github.com-mpeeples2008-brainerd-robinson-similarity-coefficient-and-sampling-er,
869033,mean-ceramic-date-and-error-estimation,https://open-archaeo.info/post/mean-ceramic-date-and-error-estimation/,Mean-Ceramic-Date-and-Error-Estimation,Script for calculating mean ceramic dates based on tabular data. This script also estimates sampling error using a bootstrapping procedure.,Scripts,R,language,Statistical analysis|Ceramic analysis,mpeeples2008,https://github.com/mpeeples2008/Mean-Ceramic-Date-and-Error-Estimation,GitHub,,,,,http://www.mattpeeples.net/mcd.html,,,,https://archive.org/details/github.com-mpeeples2008-Mean-Ceramic-Date-and-Error-Estimation_-_2018-05-10_22-18-24,
7ea44d,bootstrap-correspondence-analysis,https://open-archaeo.info/post/bootstrap-correspondence-analysis/,Bootstrap-Correspondence-Analysis,R-script for conducting and evaluating bootstrapped correspondence analyses.,Scripts,R,language,Statistical analysis,mpeeples2008,https://github.com/mpeeples2008/Bootstrap-Correspondence-Analysis,GitHub,,,,,http://www.mattpeeples.net/caboot.html,,,,https://archive.org/details/github.com-mpeeples2008-Bootstrap-Correspondence-Analysis_-_2018-05-10_21-36-03,
695909,ca,https://open-archaeo.info/post/ca/,ca,R script for seriation using correspondence analysis.,Scripts,R,language,Statistical analysis|Seriation,mpeeples2008,,,,,,,http://www.mattpeeples.net/ca.html,,,,,
d84fe7,lisa,https://open-archaeo.info/post/lisa/,LISA,Moran's i and getis-ord g* analysis.,Scripts,R,language,Statistical analysis,mpeeples2008,,,,,,,http://www.mattpeeples.net/modules/LISA.html,,,,,
eec153,plc,https://open-archaeo.info/post/plc/,PLC,Pure locational clustering.,Scripts,R,language,Statistical analysis,mpeeples2008,,,,,,,http://www.mattpeeples.net/modules/PLC.html,,,,,
ac73d9,unconstrainedclustering,https://open-archaeo.info/post/unconstrainedclustering/,UnconstrainedClustering,Unconstrained clustering.,Scripts,R,language,Statistical analysis,mpeeples2008,,,,,,,http://www.mattpeeples.net/modules/UnconstrainedClustering.html,,,,,
34b392,basicmapping,https://open-archaeo.info/post/basicmapping/,BasicMapping,Working with map data in r.,Scripts,R,language,Statistical analysis,mpeeples2008,,,,,,,http://www.mattpeeples.net/modules/BasicMapping.html,,,,,
0c49d4,pointpattern,https://open-archaeo.info/post/pointpattern/,PointPattern,Point pattern analysis.,Scripts,R,language,Statistical analysis,mpeeples2008,,,,,,,http://www.mattpeeples.net/modules/PointPattern.html,,,,,
f4ee6d,sindwem,https://open-archaeo.info/post/sindwem/,sindwem,"This r package contains exactly one function, that calculates the ""sum of individual weighted means"" according to a methodology that is quite common among archaeologists and was first published in 1988 by elisabeth fentress and philip perkins.",Packages and libraries,R,language,Statistical analysis,steko,https://bitbucket.org/steko/mpi.r/src/default/,Bitbucket,,,,,,,,,,
9f286e,explographe,https://open-archaeo.info/post/explographe/,Explographe,Application (in libreoffice calc) for serializing a graphic matrix from counting tables. The application makes it possible to obtain either a serograph or a graph of the pvi matrograph type (visualization of the differences in independence from the percentages of independence values) which does not favor the vision of the variables over that of the lines and more suitable for non-chronological treatments.,Packages and libraries,LibreOffice Calc,host application,Statistical analysis,Bruno Desachy,,,,,,,https://abp.hypotheses.org/le-programme-bassin-parisien/les-projets/les-projets-associes-au-programme/outils-danalyse-graphique-des-donnees,,,,,
e2667b,predictsource,https://open-archaeo.info/post/predictsource/,predictSource,"A package to analyze data used to determine whether samples from multiple sources can be separated, to predict the sources of samples from unknown sources, and to evaluation the validity of those predictions. Sample data can include both quantitative and qualitative data. The package includes functions for creating an analysis file from multiple files and exploratory data analysis, as well as multivariate statistical methods to determine source separation, predict sources of unknown samples, and evaluate the validity of the predictions (principal components, classification trees, and random forests).",Packages and libraries,R,language,Statistical analysis,benmarwick,https://github.com/benmarwick/predictSource,GitHub,,,,,,,,,https://archive.org/details/github.com-benmarwick-predictSource_-_2020-06-23_20-14-59,
021f63,artifact-class-diversity,https://open-archaeo.info/post/artifact-class-diversity/,Artifact_Class_Diversity,Estimates artifact class diversity in multiple geographic regions.,Scripts,R,language,Spatial analysis,taphocoenose,https://github.com/taphocoenose/Artifact_Class_Diversity,GitHub,,,,,,,,,https://archive.org/details/github.com-taphocoenose-Artifact_Class_Diversity_-_2020-10-06_16-50-13,
cbc1c2,ede-interpolation,https://open-archaeo.info/post/ede-interpolation/,ede_interpolation,A qgis 3 plugin for spatio-temporal interpolation of archaeological settlement evidence.,Packages and libraries,QGIS,host application,Spatial analysis,demjanp,https://github.com/demjanp/ede_interpolation,GitHub,,,,,https://plugins.qgis.org/plugins/ede_interpolation/,,,,https://archive.org/details/github.com-demjanp-ede_interpolation_-_2020-06-05_13-54-37,
0265e1,fuzzyviewshed,https://open-archaeo.info/post/fuzzyviewshed/,FuzzyViewshed,Arcgis toolbox for fuzzy viewshed calculation.,Packages and libraries,ArcGIS,host application,Spatial analysis|Viewshed analysis,gianmarcoalberti,https://github.com/gianmarcoalberti/FuzzyViewshed,GitHub,,,,,,,,,https://archive.org/details/github.com-gianmarcoalberti-FuzzyViewshed_-_2017-10-31_07-54-32,
692e63,qgis-visibility-analysis,https://open-archaeo.info/post/qgis-visibility-analysis/,QGIS-visibility-analysis,"Calculates visible surface from a given observer point over a digital elevation model. The plugin is intended for more complex modelling, such as the depth below the visible horizon or generation of intervisibilty networks between groups of points. It is particularly performant for multiple viewshed calculations form a set of fixed points.",Packages and libraries,QGIS,host application,Spatial analysis|Viewshed analysis,zoran-cuckovic,https://github.com/zoran-cuckovic/QGIS-visibility-analysis,GitHub,,,,,http://www.zoran-cuckovic.from.hr/QGIS-visibility-analysis/,,,,https://archive.org/details/github.com-zoran-cuckovic-QGIS-visibility-analysis_-_2021-01-14_19-11-48,
37c0d3,senscape,https://open-archaeo.info/post/senscape/,senscape,"A toolbox for modelling human perception of topography for qgis, based on qgis viewshed module.",Packages and libraries,QGIS,host application,Spatial analysis|Viewshed analysis,zoran-cuckovic,https://github.com/zoran-cuckovic/senscape,GitHub,,,,,,,,,https://archive.org/details/github.com-zoran-cuckovic-senscape_-_2017-09-24_10-34-14,
d7584e,archaeolines,https://open-archaeo.info/post/archaeolines/,ArchaeoLines,The archaeolines plugin displays any combination of declination arcs most relevant to archaeo- or ethnoastronomical studies.,Packages and libraries,Stellarium,host application,Spatial analysis|Viewshed analysis|Archaeoastronomy,stellarium,https://github.com/Stellarium/stellarium/tree/master/plugins/ArchaeoLines,GitHub,,,,,http://stellarium.sourceforge.net/wiki/index.php/ArchaeoLines_plugin,,,,,
c1d21f,pathaar,https://open-archaeo.info/post/pathaar/,pathAAR,"R package to reconstruct paths using archaeological monuments, model parameters of infrastructure and evaluate those parameters, model parameters of infrastructure and evaluate those parameters.",Packages and libraries,R,language,Spatial analysis,ISAAKiel,https://github.com/ISAAKiel/pathAAR,GitHub,,,,,,,,,https://archive.org/details/github.com-ISAAKiel-pathAAR_-_2020-11-02_14-32-45,
068b7e,transit,https://open-archaeo.info/post/transit/,TRANSIT,Gis toolbox for estimating the duration of ancient sail-powered navigation.,Packages and libraries,ArcGIS,host application,Spatial analysis,gianmarcoalberti,https://github.com/gianmarcoalberti/TRANSIT,GitHub,,,,,,,,,https://archive.org/details/github.com-gianmarcoalberti-TRANSIT_-_2017-12-17_09-17-29,
365985,qgis-topographic-networks,https://open-archaeo.info/post/qgis-topographic-networks/,QGIS-topographic-networks,"Models relationships between elements in a terrain model, connecting pixels according to their height difference.",Packages and libraries,QGIS,host application,Spatial analysis,zoran-cuckovic,https://github.com/zoran-cuckovic/QGIS-topographic-networks,GitHub,,,,,,,,,https://archive.org/details/github.com-zoran-cuckovic-QGIS-topographic-networks_-_2016-06-29_12-43-38,
28f33d,leastcostpath,https://open-archaeo.info/post/leastcostpath/,leastcostpath,"Provides the functionality to calculate least cost paths (lcps) which are often, but not exclusively, used in archaeological research. This package can be used to apply multiple cost functions when approximating the difficulty of moving across a landscape, as well as taking into account traversing across slope and other costs such as landscape features. This package also provides functionality to validate the accuracy of the computed lcp relative to another path.",Packages and libraries,R,language,Spatial analysis,josephlewis,https://github.com/josephlewis/leastcostpath,GitHub,,,,,,,,,https://archive.org/details/github.com-josephlewis-leastcostpath_-_2021-01-28_18-03-22,
43f21c,field-photographs,https://open-archaeo.info/post/field-photographs/,field-photographs,Android apps for archaeology that enable photography during field work.,Packages and libraries,Mobile app,deployment,Site mapping,anatolian,https://github.com/anatolian/field-photographs,GitHub,,,,,,,,,https://archive.org/details/github.com-anatolian-field-photographs_-_2016-03-06_19-58-32,
6add1a,archaeological-survey-location-collector,https://open-archaeo.info/post/archaeological-survey-location-collector/,archaeological-survey-location-collector,"An app for use in archaeological field survey to collect high-accurate point locations, photographs, and other data.",Packages and libraries,Mobile app,deployment,Site mapping,anatolian,https://github.com/anatolian/archaeological-survey-location-collector,GitHub,,,,,,,,,https://archive.org/details/github.com-anatolian-archaeological-survey-location-collector_-_2018-06-27_09-05-36,
b08aaa,arkgrid,https://open-archaeo.info/post/arkgrid/,ArkGrid,A qgis plugin for local site grids.,Packages and libraries,QGIS,host application,Site mapping,L-P Archaeology,https://github.com/lparchaeology/ArkGrid,GitHub,,,,,,,,,https://archive.org/details/github.com-lparchaeology-ArkGrid_-_2016-09-02_16-36-40,
487b74,trenchdrawer,https://open-archaeo.info/post/trenchdrawer/,trenchdrawer,Plugin for drawing trenches.,Packages and libraries,QGIS,host application,Site mapping,MikeJJohnson,https://github.com/MikeJJohnson/trenchdrawer,GitHub,,,,,,,,,https://archive.org/details/github.com-MikeJJohnson-trenchdrawer_-_2016-05-10_08-42-06,
31c693,fieldwalkr,https://open-archaeo.info/post/fieldwalkr/,fieldwalkr,Spatial sampling and survey simulation tools.,Packages and libraries,R,language,Site mapping,joeroe,https://github.com/joeroe/fieldwalkr,GitHub,,,,,,,,,https://archive.org/details/github.com-joeroe-fieldwalkr_-_2019-03-18_08-56-49,
5fd269,arkscan,https://open-archaeo.info/post/arkscan/,ArkScan,A simple gui app to simplify scanning single context plans.,Standalone software,,,Site mapping,L-P Archaeology,https://github.com/lparchaeology/ArkScan,GitHub,,,,,,,,,https://archive.org/details/github.com-lparchaeology-ArkScan_-_2015-07-28_08-06-46,
04a3e8,arkspatial,https://open-archaeo.info/post/arkspatial/,ArkSpatial,A qgis plugin to simplfy digitization of archaeological plans drawn using the museum of london single context recording methodology.,Packages and libraries,QGIS,host application,Site mapping,L-P Archaeology,https://github.com/lparchaeology/ArkSpatial,GitHub,,,,,,,,,https://archive.org/details/github.com-lparchaeology-ArkSpatial_-_2018-09-22_18-11-06,
6ecfcf,sitedefinition,https://open-archaeo.info/post/sitedefinition/,sitedefinition,The goal of sitedefinition is to see how feature densities might be used for site definition.,Packages and libraries,R,language,Site mapping,SCSchmidt,https://github.com/SCSchmidt/sitedefinition,GitHub,,,,,,,,,https://archive.org/details/github.com-SCSchmidt-sitedefinition_-_2019-09-05_16-30-54,
8698d7,arkmatrix,https://open-archaeo.info/post/arkmatrix/,ArkMatrix,"A tool for creating and manipulating harris matrices, part of the archaeological recording kit ark.",Packages and libraries,Python,language,Harris matrix,arklab,https://gitlab.com/arklab/ArkMatrix,GitLab,,,,,,,,,https://archive.org/details/gitlab.com-arklab-ArkMatrix_-_2020-03-31_10-32-20,
235c48,harris2graph,https://open-archaeo.info/post/harris2graph/,harris2graph,"Harris2graph is a script to help migrate data from the lst file format used by the basp harris, stratify and arched packages into modern graph file formats.",Packages and libraries,Python,language,Harris matrix,L-P Archaeology,https://github.com/lparchaeology/harris2graph/,GitHub,,,,,,,,,https://archive.org/details/github.com-lparchaeology-harris2graph_-_2016-01-28_10-44-01,This seems to stem from prior work done at https://github.com/jlayt/harris2gv
ccacfe,harris-matrix-legacy,https://open-archaeo.info/post/harris-matrix-legacy/,Harris-matrix-legacy,Create a harris matrix from archaeological stratigraphy data using python and graphviz.,Packages and libraries,Python,language,Harris matrix,steko|iosa,https://codeberg.org/steko/harris-matrix-legacy,Codeberg,,,,,https://www.iosa.it/2008/08/27/harris-matrix-with-graphviz-a-draft-application-with-python/,,,,,
30828e,harris-matrix-tsdye,https://open-archaeo.info/post/harris-matrix-tsdye/,harris-matrix,Write graphviz dot files for archaeological sequence diagrams and bayesian chronological models.,Packages and libraries,Lisp,language,Harris matrix,tsdye,https://github.com/tsdye/harris-matrix/,GitHub,,,,,http://tsdye.online/harris-matrix/homepage/,,,,https://archive.org/details/github.com-tsdye-harris-matrix_-_2019-08-27_02-15-00,
27d735,harris-matrix-semerj,https://open-archaeo.info/post/harris-matrix-semerj/,harris-matrix,Harris matrix visualization for the web using d3 + klayjs-d3.,Standalone software,,,Harris matrix,semerj,https://github.com/semerj/harris-matrix,GitHub,,,,,,,,,https://archive.org/details/github.com-semerj-harris-matrix_-_2016-05-29_22-11-13,
c7c4e7,le-stratifiant,https://open-archaeo.info/post/le-stratifiant/,Le Stratifiant,Application for creating stratigraphic diagrams and checking the consistency of the chronostratigraphic recording.,Packages and libraries,Microsoft Excel,host application,Harris matrix,Bruno Desachy,,,,,,,https://abp.hypotheses.org/3965,,,,,
8ec389,chronomodel,https://open-archaeo.info/post/chronomodel/,chronomodel,Chronological modelling of archaeological data using bayesian statistics.,Standalone software,,,Chronological modelling,Chronomodel,https://github.com/Chronomodel/chronomodel,GitHub,,,,,https://chronomodel.com/,,,,https://archive.org/details/github.com-Chronomodel-chronomodel_-_2021-02-02_16-41-52,
531507,aoristaar,https://open-archaeo.info/post/aoristaar/,aoristAAR,A r package for the aoristic analysis of archaeological data.,Packages and libraries,R,language,Chronological modelling,ISAAKiel,https://github.com/ISAAKiel/aoristAAR,GitHub,,,,,,,,,https://archive.org/details/github.com-ISAAKiel-aoristAAR_-_2020-07-09_13-13-06,
7dd27b,archseries,https://open-archaeo.info/post/archseries/,archSeries,Frequency time-series tools for archaeology.,Packages and libraries,R,language,Chronological modelling,davidcorton,https://github.com/davidcorton/archSeries,GitHub,,,,,,,,,https://archive.org/details/github.com-davidcorton-archSeries_-_2017-09-22_15-50-23,
2c86ca,stratigraphr,https://open-archaeo.info/post/stratigraphr/,stratigraphr,R package for archaeological stratigraphy and chronological sequences.,Packages and libraries,R,language,Chronological modelling|Harris matrix,joeroe,https://github.com/joeroe/stratigraphr,GitHub,,,,,,,,,https://archive.org/details/github.com-joeroe-stratigraphr_-_2021-01-30_15-20-12,
6790eb,archaeochron,https://open-archaeo.info/post/archaeochron/,ArchaeoChron,Bayesian modeling of archaeological chronologies.,Packages and libraries,R,language,Chronological modelling,philippe-a|marieannevibet,https://github.com/ArchaeoStat/ArchaeoChron,GitHub,,,,,https://archaeostat.github.io/ArchaeoChron/,,,,https://archive.org/details/github.com-ArchaeoStat-ArchaeoChron_-_2019-09-11_12-58-29,
db9c8d,archaeophases,https://open-archaeo.info/post/archaeophases/,ArchaeoPhases,Tools for post-processing MCMC simulations for chronological modelling,Packages and libraries,R,language,Chronological modelling,philippe-a|marieannevibet|tsdye|nfrerebeau,https://github.com/ArchaeoStat/ArchaeoPhases,GitHub,https://CRAN.R-project.org/package=ArchaeoPhases,CRAN,10.5281/zenodo.8087121,https://doi.org/10.18637/jss.v093.c01,https://archaeostat.github.io/ArchaeoPhases/,,,,https://archive.org/details/github.com-ArchaeoStat-ArchaeoPhases_-_2020-12-01_12-35-04,
a3efe1,chronophage,https://open-archaeo.info/post/chronophage/,Chronophage,Applications for obtaining chronograms (quantified chronology diagrams) and time distribution curves of archaeological or historical units from quantified dating indicators treated as inaccuracy intervals.,Packages and libraries,LibreOffice Calc,host application,Chronological modelling,Bruno Desachy,,,,,,,https://abp.hypotheses.org/4284,,,,,
36074e,seriographe-eppm,https://open-archaeo.info/post/seriographe-eppm/,Seriographe EPPM,The eppm serograph is a graphical tool for chronological serialization of archaeological furniture counting tables.,Packages and libraries,Microsoft Excel,host application,Chronological modelling,Bruno Desachy,,,,,,,https://abp.hypotheses.org/le-programme-bassin-parisien/les-projets/les-projets-associes-au-programme/outils-danalyse-graphique-des-donnees,,,,,
b4e306,zooarch,https://open-archaeo.info/post/zooarch/,zooaRch,The zooarch package provides analytical tools to make inferences on zooarchaeological data.,Packages and libraries,R,language,Zooarchaeology,Erik Otarola-Castillo|Jesse Wolfhagen|Max D. Price|zooaRch,,,https://CRAN.R-project.org/package=zooaRch/,CRAN,,,,,,,,
b868ea,zooarchgui,https://open-archaeo.info/post/zooarchgui/,zooaRchGUI,The zooarchgui package provides a graphical user interface (gui) to analytical tools for zooarchaeological data in the r package.,Packages and libraries,R,language,Zooarchaeology,zooaRchGUI,https://github.com/zooaRchGUI/zooaRchGUI,GitHub,,,,,http://www.zooarchgui.org/,,,,https://archive.org/details/github.com-zooaRchGUI-zooaRchGUI_-_2019-05-20_20-51-27,
7a4843,mortaar,https://open-archaeo.info/post/mortaar/,mortAAR,Analysis of archaeological mortality data.,Packages and libraries,R,language,Zooarchaeology,ISAAKiel,https://github.com/ISAAKiel/mortAAR,GitHub,,,,,,,,,https://archive.org/details/github.com-ISAAKiel-mortAAR_-_2021-01-06_22-00-39,
0de83e,crossbones,https://open-archaeo.info/post/crossbones/,Crossbones,"Crossbones autogenerates 3d schematic skeletons, making rapid surveying and visualisation of dense skeletal assemblages a snap.",Standalone software,,,Zooarchaeology,Leif Isaksen,,,,,,,http://oadigital.net/software/xbones.html,,,,,
b82fe7,pollen-data-processing,https://open-archaeo.info/post/pollen-data-processing/,pollen_data_processing,Some tools in respect to pollen data processing.,Scripts,R,language,Palaeobotany,MartinHinz,https://github.com/MartinHinz/pollen_data_processing,GitHub,,,,,,,,,https://archive.org/details/github.com-MartinHinz-pollen_data_processing_-_2018-05-23_12-54-10,
2392a4,ethnobotanyr,https://open-archaeo.info/post/ethnobotanyr/,ethnobotanyR,R package for calculating quantitative ethnobotany indices.,Packages and libraries,R,language,Palaeobotany,CWWhitney,https://github.com/CWWhitney/ethnobotanyR,GitHub,,,,,http://htmlpreview.github.io/?https://github.com/CWWhitney/ethnobotanyR/blob/master/vignettes/ethnobotanyr_vignette.html,,,,https://archive.org/details/github.com-CWWhitney-ethnobotanyR_-_2021-01-08_12-45-25,
8e5d7c,chartool,https://open-archaeo.info/post/chartool/,CharTool,Chartool is a macro tool for quantifying charcoal particles for paleoecological research applications.,Standalone software,,,Palaeobotany,gsnitker,https://github.com/gsnitker/CharTool,GitHub,,,,,,,,,https://archive.org/details/github.com-gsnitker-CharTool_-_2020-04-06_21-46-45,
fa39c4,tipom,https://open-archaeo.info/post/tipom/,tipom,"Tipom is based on a methodology that was developed in the 1960s by bernardino bagolini. The basic idea is to use the three simple dimensions of length, width and thickness of each lithic artefact to classify them in discrete groups and infer their function.",Packages and libraries,R,language,Artefact morphology,iosa,https://codeberg.org/steko/tipom,Codeberg,https://CRAN.R-project.org/package=tipom,CRAN,,,,,,,,
5c93f2,kotyle,https://open-archaeo.info/post/kotyle/,kotyle,"Calculate the capacity of a ceramic vessel, like an amphora.",Packages and libraries,Python,language,Artefact morphology|Ceramic analysis,iosa,https://codeberg.org/steko/kotyle,Codeberg,,,,,https://kotyle.readthedocs.io/en/latest/,,,,https://archive.org/details/codeberg.org-steko-kotyle_-_2020-06-23_23-00-02,
3fd5ca,sdsbrowser,https://open-archaeo.info/post/sdsbrowser/,sdsbrowser,Sdsbrowser is an r shiny webapp developed to make the available sds datasets (following the systematic and digital documentation of stone artefacts recording system) more accessible. It is designed to give you a quick overview on the spatial and temporal scope of sites previously analysed with sds and the distribution of artefacts within these sites.,Scripts,R,language,Artefact morphology,Johanna-Mestorf-Academy,https://github.com/Johanna-Mestorf-Academy/sdsbrowser,GitHub,,,,,http://sds.ufg.uni-kiel.de/,,,,https://archive.org/details/github.com-Johanna-Mestorf-Academy-sdsbrowser_-_2018-12-12_12-44-35,
19c6c4,sdsanalysis,https://open-archaeo.info/post/sdsanalysis/,sdsanalysis,"Dsanalysis is the backbone of the sdsbrowser webapp, and can be employed to analyse sds stone artefact data in r.",Packages and libraries,R,language,Artefact morphology,Johanna-Mestorf-Academy,https://github.com/Johanna-Mestorf-Academy/sdsanalysis,GitHub,,,,,,,,,https://archive.org/details/github.com-Johanna-Mestorf-Academy-sdsanalysis_-_2018-12-13_13-20-29,
aa5650,rtefact,https://open-archaeo.info/post/rtefact/,rtefact,"Brings together a range of methods for analysing the time series, shapes and other properties of archaeological artefacts.",Packages and libraries,R,language,Artefact morphology,ahb108,https://github.com/ahb108/rtfact,GitHub,,,,,,,,,https://archive.org/details/github.com-ahb108-rtfact_-_2021-01-25_09-24-54,
f9a0d1,lithic3dslicer,https://open-archaeo.info/post/lithic3dslicer/,lithic3dslicer,.obj slicing for lithic 3d morphometrics.,Scripts,R,language,Artefact morphology,kotdijian,https://github.com/kotdijian/lithic3dslicer,GitHub,,,,,,,,,https://archive.org/details/github.com-kotdijian-lithic3dslicer_-_2019-06-23_01-39-40,
b0aa7d,vessel-measuring-tool,https://open-archaeo.info/post/vessel-measuring-tool/,Vessel-Measuring-Tool,Digitize archeological drawings of vessels in order to calculate their capacity and weight.,Standalone software,,,Artefact morphology,alessandrobattisti,https://github.com/alessandrobattisti/Vessel-Measuring-Tool,GitHub,,,,,https://alessandrobattisti.github.io/Vessel-Measuring-Tool/#/,,,,https://archive.org/details/github.com-alessandrobattisti-Vessel-Measuring-Tool_-_2020-01-09_10-32-30,
bd6679,bam,https://open-archaeo.info/post/bam/,BAM,"A tool for the geospatial analysis, literary network visualization, and plot mapping of ancient texts.",Standalone software,,,Literary analysis and epigraphy,Big-Ancient-Mediterranean,https://github.com/Big-Ancient-Mediterranean/BAM,GitHub,,,,,,,,,https://archive.org/details/github.com-Big-Ancient-Mediterranean-BAM_-_2018-09-16_12-29-16,
fc9bf1,shapaar,https://open-archaeo.info/post/shapaar/,shapAAR,"This is an r package for the extraction, analysis and classification of (not only) archaeological objects derived from scanned images. Especially it aims at the analysis of the shapes/profiles of eg. ceramic vessels or arrow heads.",Packages and libraries,R,language,Shape recognition,ISAAKiel,https://github.com/ISAAKiel/shapAAR,GitHub,,,,,,,,,https://archive.org/details/github.com-ISAAKiel-shapAAR_-_2020-07-08_15-22-23,
d23f4c,artefact-morpho,https://open-archaeo.info/post/artefact-morpho/,artefact-morpho.R,"R code for converting b&w jpgs of artefact silhouettes to matrices and computing basic elliptical fourier statistics, including pca and manova.",Scripts,R,language,Shape recognition,benmarwick,https://gist.github.com/benmarwick/6260541,GitHub Gist,,,,,,,,,https://archive.org/details/gist.github.com-6260541_-_2015-12-21_05-58-59,
b92ab5,ceramic-computation,https://open-archaeo.info/post/ceramic-computation/,ceramic-computation,"R scripts for digitizing, processing, analyzing, and comparing archaeological ceramic 2d profile drawings, photographs, and other data.",Scripts,R,language,Shape recognition|Ceramic analysis,anatolian,https://github.com/anatolian/ceramic-computation,GitHub,,,,,,,,,https://archive.org/details/github.com-anatolian-ceramic-computation_-_2017-10-19_23-59-22,
e4f96c,synthkat,https://open-archaeo.info/post/synthkat/,synthkat,Synthetic categories for archaeological vessel comparison.,Scripts,Python,language,Shape recognition,scollinselliott,https://github.com/scollinselliott/synthkat,GitHub,,,,,,,,,https://archive.org/details/github.com-scollinselliott-synthkat_-_2017-01-18_06-25-18,
0e2cc5,murature,https://open-archaeo.info/post/murature/,murature,"This python library was written as an help for the study of stone walls, mainly through the quantitative analysis of spatial dimensions of stones.",Packages and libraries,Python,language,Shape recognition,steko|iosa,https://codeberg.org/steko/murature,Codeberg,,,,,,,,,https://archive.org/details/codeberg.org-steko-murature_-_2020-06-22_14-12-21,
178871,ceramatch,https://open-archaeo.info/post/ceramatch/,CeraMatch,Visual shape-matching of ceramics profiles.,Packages and libraries,Python,language,Shape recognition|Ceramic analysis,demjanp,https://github.com/demjanp/CeraMatch,GitHub,,,,,,,,,https://archive.org/details/github.com-demjanp-CeraMatch_-_2021-01-26_21-06-30,
40d0f6,cuneipainter,https://open-archaeo.info/post/cuneipainter/,CuneiPainter,An app to recognize cuneiform characters on your android phone.,Packages and libraries,Mobile app,deployment,Shape recognition,situx,https://github.com/situx/CuneiPainter,GitHub,,,,,https://situx.github.io/CuneiPainter/,,,,https://archive.org/details/github.com-situx-CuneiPainter_-_2020-10-06_14-40-31,
4702d5,recexcavaar,https://open-archaeo.info/post/recexcavaar/,recexcavAAR,R package for 3d reconstruction of archaeological excavations.,Packages and libraries,R,language,3D modelling,ISAAKiel,https://github.com/ISAAKiel/recexcavAAR/,GitHub,https://CRAN.R-project.org/package=recexcavAAR,CRAN,,,,,,,https://archive.org/details/github.com-ISAAKiel-recexcavAAR_-_2020-07-09_13-15-10,
d1e319,lithics3d,https://open-archaeo.info/post/lithics3d/,Lithics3D,An r package for processing and analyzing 3d scans of archaeological lithics.,Packages and libraries,R,language,3D modelling,cornelmpop,https://github.com/cornelmpop/Lithics3D,GitHub,,,,,,,,,https://archive.org/details/github.com-cornelmpop-Lithics3D_-_2019-05-03_13-16-34,
70f317,cherish,https://open-archaeo.info/post/cherish/,cherish,"Cherish is a tool that aids archaeologists and designers to represent historical, urban and archaeological structures and sites in 3d by means of image manipulation and sketching. Combine disparate data types such as photographs, illustrations, diagrams, text annotations, point cloud representation, etc, into a comprehensive 3d space, to make 3d sense of the data.",Standalone software,,,3D modelling,vicrucann,https://github.com/vicrucann/cherish,GitHub,,,,,,,,,,
1b98b6,meshlab,https://open-archaeo.info/post/meshlab/,meshlab,"These tools are meant to help you render orthographic views of 3d models for archaeological publication by simplifying, segmenting, cleaning and rendering 3d meshes.",Standalone software,Meshlab,host application,3D modelling,KevinCain,https://github.com/KevinCain/meshlab,GitHub,,,,,,,,,https://archive.org/details/github.com-KevinCain-meshlab_-_2016-10-29_04-39-53,
bb1577,rti,https://open-archaeo.info/post/rti/,rti,"Series of common tols used by most reflectance transformation imaging (rti) projects, plus some custom programs to help with the workflow from the camera to the output.",Scripts,Python,language,Photogrammetry,kmartinez,https://github.com/kmartinez/rti,GitHub,,,,,https://custom-imaging.co.uk/software/,,,,https://archive.org/details/github.com-kmartinez-rti_-_2019-05-29_15-38-12,
fd129f,rtibuilder,https://open-archaeo.info/post/rtibuilder/,RTIBuilder,A software interface to a set of tools that process your captured image set to produce the final rti files. The rtibuilder download includes the hemispherical harmonics (hsh) fitter to create .rti files.,Standalone software,,,Photogrammetry,culturalheritageimaging,,,,,,,http://culturalheritageimaging.org/What_We_Offer/Downloads/Process/index.html,,,,,
a58971,rtiviewer,https://open-archaeo.info/post/rtiviewer/,RTIViewer,"Enables you to view and explore reflectance transformation imaging (rti) files at very high resolution (polynomial texture maps, hemispherical harmonics map, and multiview rti). You can view image files stored on your local file system, and remote files through http.",Standalone software,,,Photogrammetry,culturalheritageimaging,,,,,,,http://culturalheritageimaging.org/What_We_Offer/Downloads/View/index.html,,,,,
03c958,photogrammetry-object-scannner,https://open-archaeo.info/post/photogrammetry-object-scannner/,photogrammetry-object-scannner,Created for the very-specific purpose of communicating via android with a raspberry pi running a scanner.,Standalone software,,,Photogrammetry,anatolian,https://github.com/anatolian/photogrammetry-object-scannner,GitHub,,,,,,,,,https://archive.org/details/github.com-anatolian-photogrammetry-object-scannner_-_2019-06-22_03-21-09,
9a80a4,arfloorplanapp,https://open-archaeo.info/post/arfloorplanapp/,ARFloorPlanApp,Floor plan app using augmented reality.,Standalone software,,,Augmented reality,carlsun98,https://github.com/carlsun98/ARFloorPlanApp,GitHub,,,,,,,,,https://archive.org/details/github.com-carlsun98-ARFloorPlanApp_-_2018-07-27_22-02-36,
0d2b48,arshm-release,https://open-archaeo.info/post/arshm-release/,arshm-release,Experimental mobile app demoing cultural heritage documentation tools in augmented reality. Supports capturing and annotating photos in 3d space. Proof-of-concept features in the app include image anchoring and surface drawing tools.,Packages and libraries,Mobile app,deployment,Augmented reality,zacharyliu,https://github.com/zacharyliu/arshm-release,GitHub,,,,,,,,,https://archive.org/details/github.com-zacharyliu-arshm-release_-_2018-07-27_23-22-39,
ef3100,dronesurveyplanner,https://open-archaeo.info/post/dronesurveyplanner/,DroneSurveyPlanner,This is a libreoffice calc spreadsheet designed to help you plan an aerial drone mapping survey mission.,Packages and libraries,LibreOffice Calc,host application,Drones|Aerial and satellite imagery,isaacullah,https://github.com/isaacullah/DroneSurveyPlanner,GitHub,,,,,http://isaacullah.github.io/DroneSurveyPlanner/,,,,https://archive.org/details/github.com-isaacullah-DroneSurveyPlanner_-_2018-01-02_23-32-47,
487d83,benmarwickdy-xyz-data-on-an-irregular-grid-to-an-interpolated-raster,https://open-archaeo.info/post/benmarwickdy-xyz-data-on-an-irregular-grid-to-an-interpolated-raster/,benmarwickDY-XYZ-data-on-an-irregular-grid-to-an-interpolated-raster.r,"Plotting remote sensing data, especially how to go from xyz data on an irregular grid to an interpolated raster",Scripts,R,language,Aerial and satellite imagery,benmarwick,https://gist.github.com/benmarwick/7331879,GitHub Gist,,,,,,,,,https://archive.org/details/gist.github.com-7331879_-_2015-12-27_20-29-23,
7ba458,al2o3-analysisapp,https://open-archaeo.info/post/al2o3-analysisapp/,Al2O3_AnalysisApp,Shiny app to analyse al2o3:c measurements,Scripts,R,language,Luminescence dating,RLumSK,https://github.com/crp2a/Al2O3_AnalysisApp,GitHub,,,,,,,,,https://archive.org/details/github.com-crp2a-Al2O3_AnalysisApp_-_2019-08-16_14-29-35,
37f7aa,luminescence,https://open-archaeo.info/post/luminescence/,Luminescence,Development version of the r package 'luminescence'. The r package 'luminescence' by the r-luminescence group provides a collection of various r functions for luminescence dating data analysis.,Packages and libraries,R,language,Luminescence dating,R-Lum,https://github.com/R-Lum/Luminescence,GitHub,https://CRAN.R-project.org/package=Luminescence,CRAN,,,https://r-lum.github.io/Luminescence/,,,,https://archive.org/details/github.com-R-Lum-Luminescence_-_2021-02-01_17-37-18,
9b30eb,baylum,https://open-archaeo.info/post/baylum/,BayLum,"An r package for chronological bayesian models integrated for optically stimulated osl, luminescence dating",Packages and libraries,R,language,Luminescence dating,R-Lum,https://github.com/crp2a/BayLum,GitHub,https://cran.r-project.org/package=BayLum,CRAN,10.5281/zenodo.4311265,https://doi.org/10.1016/j.quageo.2018.05.009,https://crp2a.github.io/BayLum/,,,,https://archive.org/details/github.com-crp2a-BayLum_-_2021-01-03_12-01-54,
8b17f4,rlummodel,https://open-archaeo.info/post/rlummodel/,RLumModel,Solving ordinary differential equations to understand luminescence,Packages and libraries,R,language,Luminescence dating,R-Lum,https://github.com/R-Lum/RLumModel,GitHub,,,,,,,,,https://archive.org/details/github.com-R-Lum-RLumModel_-_2021-01-03_13-13-23,
5c354b,rcarb,https://open-archaeo.info/post/rcarb/,Rcarb,The r package 'rcarb' provides a collection of various r functions to model dose rates in carbonate-rich samples. The package is a translation of the 'matlab' program carb by roger p. Nathan,Packages and libraries,R,language,Luminescence dating,R-Lum,https://github.com/R-Lum/RCarb,GitHub,,,,,,,,,https://archive.org/details/github.com-R-Lum-RCarb_-_2021-01-03_12-21-09,
91be4c,lumreader,https://open-archaeo.info/post/lumreader/,LumReader,R package to simulate a luminescence reader,Packages and libraries,R,language,Luminescence dating,dstreble,https://github.com/dstreble/LumReader,GitHub,,,,,,,,,https://archive.org/details/github.com-dstreble-LumReader_-_2017-01-26_13-55-17,
3838a3,tldating,https://open-archaeo.info/post/tldating/,Tldating,R package for tl dating,Packages and libraries,R,language,Luminescence dating,dstreble,https://github.com/dstreble/TLdating,GitHub,,,,,,,,,https://archive.org/details/github.com-dstreble-TLdating_-_2017-09-06_14-41-46,
e56c2f,shiny-tldating,https://open-archaeo.info/post/shiny-tldating/,shiny_Tldating,Shiny app for tl dating,Scripts,R,language,Luminescence dating,dstreble,https://github.com/dstreble/shiny_TLdating,GitHub,,,,,,,,,https://archive.org/details/github.com-dstreble-shiny_TLdating_-_2016-11-02_16-04-05,
ccf10d,drac-calculator,https://open-archaeo.info/post/drac-calculator/,DRAC-calculator,Drac is a dose rate and age calculator which has been designed to calculate environmental dose rates (_) and ages for trapped charge dating applications,Standalone software,,,Luminescence dating,DRAC-calculator,https://github.com/DRAC-calculator/DRAC-calculator,GitHub,,,,,,,,,https://archive.org/details/github.com-DRAC-calculator-DRAC-calculator_-_2016-09-07_16-22-39,
21238f,shiny-drac,https://open-archaeo.info/post/shiny-drac/,shiny_DRAC,Graphical interface for drac,Standalone software,,,Luminescence dating,dstreble,https://github.com/dstreble/shiny_DRAC,GitHub,,,,,,,,,https://archive.org/details/github.com-dstreble-shiny_DRAC_-_2016-11-02_16-04-27,
634a7f,rxylib,https://open-archaeo.info/post/rxylib/,rxylib,R package: wrapper for the c+library xylib,Packages and libraries,R,language,Luminescence dating,R-Lum,https://github.com/R-Lum/rxylib,GitHub,,,,,,,,,https://archive.org/details/github.com-R-Lum-rxylib_-_2021-01-03_13-06-26,
7f84bd,osl-calibration,https://open-archaeo.info/post/osl-calibration/,osl_calibration.r,Osl_calibration,Scripts,R,language,Luminescence dating,benmarwick,https://gist.github.com/benmarwick/5f996a0f52ba1d92f76968119f941bd8,GitHub Gist,,,,,,,,,https://archive.org/details/gist.github.com-5f996a0f52ba1d92f76968119f941bd8_-_2016-05-10_07-53-04,
be9d58,gamma,https://open-archaeo.info/post/gamma/,gamma,Dose rate estimation from in-situ gamma-ray spectrometry measurements for luminescence dating,Packages and libraries,R,language,Luminescence dating,nfrerebeau,https://github.com/crp2a/gamma,GitHub,https://cran.r-project.org/package=gamma,CRAN,10.5281/zenodo.2652393,https://doi.org/10.26034/la.atl.2020.544,https://crp2a.github.io/gamma/,,,,https://archive.org/details/github.com-crp2a-gamma_-_2021-01-14_11-31-46,
11d9ca,paleoxrf,https://open-archaeo.info/post/paleoxrf/,paleoxrf,The goal of paleoxrf is to simplify reading data from acadia's paleoenvironmental x-ray fluorescence laboratory,Packages and libraries,R,language,X-Ray Fluorescence,paleolimbot,https://github.com/paleolimbot/paleoxrf,GitHub,,,,,,,,,https://archive.org/details/github.com-paleolimbot-paleoxrf_-_2019-04-01_17-07-08,
ee2288,xrf,https://open-archaeo.info/post/xrf/,xrf,"The goal of xrf is to provide tools to read, plot, and interpret x-ray fluorescence spectra",Packages and libraries,R,language,X-Ray Fluorescence,paleolimbot,https://github.com/paleolimbot/xrftools,GitHub,,,,,,,,,https://archive.org/details/github.com-paleolimbot-xrftools_-_2020-07-14_14-17-56,
88d662,cloudcal,https://open-archaeo.info/post/cloudcal/,CloudCal,This app will allow you to build & apply calibrations for the tracer & artax series of xrf devices,Scripts,R,language,X-Ray Fluorescence,leedrake5,https://github.com/leedrake5/CloudCal,GitHub,,,,,,,,,https://archive.org/details/github.com-leedrake5-CloudCal_-_2021-02-02_19-39-49,
fbe694,naa-analytical-dashboard,https://open-archaeo.info/post/naa-analytical-dashboard/,NAA analytical dashboard,Analytical dashboard for conducting various analysis to group and assess groupings for neutron activation analytical chemical compositional data,Scripts,R,language,Instrumental Neutron activation analysis,mpeeples2008,https://github.com/mpeeples2008/NAA_analytical_dashboard,GitHub,,,,,http://nsls-ii.github.io/PyXRF/,,,,https://archive.org/details/github.com-mpeeples2008-NAA_analytical_dashboard_-_2018-10-24_03-38-28,
865f49,bchron,https://open-archaeo.info/post/bchron/,Bchron,"Radiocarbon dating, age-depth modelling, relative sea level rate estimation, and non-parametric phase modelling",Packages and libraries,R,language,"Radiocarbon dating, calibration and sequencing",andrewcparnell,https://github.com/andrewcparnell/Bchron,GitHub,https://CRAN.R-project.org/package=Bchron,CRAN,,,,,,,https://archive.org/details/github.com-andrewcparnell-Bchron_-_2021-02-01_13-37-47,
370c78,rcarbon,https://open-archaeo.info/post/rcarbon/,rcarbon,Methods for calibrating and analysing radiocarbon dates,Packages and libraries,R,language,"Radiocarbon dating, calibration and sequencing",ahb108,https://github.com/ahb108/rcarbon,GitHub,,,,,,,,,https://archive.org/details/github.com-ahb108-rcarbon_-_2021-02-04_16-06-01,
70f615,iosacal,https://open-archaeo.info/post/iosacal/,IOSACal,Iosacal is an open source tool for radiocarbon calibration,Standalone software,,,"Radiocarbon dating, calibration and sequencing",iosa,https://codeberg.org/steko/iosacal,Codeberg,https://pypi.org/project/iosacal/,PyPI,10.5281/zenodo.630455,,https://iosacal.readthedocs.io/en/latest/,,,,https://archive.org/details/codeberg.org-steko-iosacal_-_2021-01-28_00-04-29,
27197c,carbon14,https://open-archaeo.info/post/carbon14/,carbon14,"The goal of carbon14 is to provide a tidy interface to radiocarbon dating, to promote its inclusion in reproducible manuscripts",Packages and libraries,R,language,"Radiocarbon dating, calibration and sequencing",paleolimbot,https://github.com/paleolimbot/carbon14,GitHub,,,,,,,,,https://archive.org/details/github.com-paleolimbot-carbon14_-_2018-03-14_14-20-15,
ebda77,clustering-14c,https://open-archaeo.info/post/clustering-14c/,clustering_14C,"A python implementation of the method of clustering radiocarbon dates in order to determine whether they represent separate events, or phases in time",Packages and libraries,Python,language,"Radiocarbon dating, calibration and sequencing",demjanp,https://github.com/demjanp/clustering_14C,GitHub,,,,,,,,,https://archive.org/details/github.com-demjanp-clustering_14C_-_2020-09-10_17-32-20,
5c52b6,magaar,https://open-archaeo.info/post/magaar/,magAAR,Analyse geomagnetic data from archaeological context,Packages and libraries,R,language,Geophysical survey,ISAAKiel,https://github.com/ISAAKiel/magAAR,GitHub,,,,,,,,,https://archive.org/details/github.com-ISAAKiel-magAAR_-_2017-06-10_14-34-21,
ff43e4,rgpr,https://open-archaeo.info/post/rgpr/,RGPR,"Rgpr is a free and open-source software package to read, export, analyse, process and visualise ground-penetrating radar (gpr) data",Packages and libraries,R,language,Geophysical survey,emanuelhuber,https://github.com/emanuelhuber/RGPR,GitHub,,,,,http://emanuelhuber.github.io/RGPR/,,,,https://archive.org/details/github.com-emanuelhuber-RGPR_-_2021-02-08_18-17-57,
c90141,archiedb,https://open-archaeo.info/post/archiedb/,archiedb,A light-weight database application designed to standardize and simplify data entry of archaeological or historical artifacts,Standalone software,,,Data management,archie,https://github.com/archiedb/archie,GitHub,,,,,,,,,https://archive.org/details/github.com-archiedb-archie_-_2018-09-30_23-00-43,
7be2bb,archaeology-object-data-collector-app,https://open-archaeo.info/post/archaeology-object-data-collector-app/,archaeology-object-data-collector-app,Archaeology-object-data-collector-app,Packages and libraries,Mobile app,deployment,Data management,anatolian,https://github.com/anatolian/archaeology-object-data-collector-app,GitHub,,,,,,,,,https://archive.org/details/github.com-anatolian-archaeology-object-data-collector-app_-_2018-06-27_09-58-13,
082396,ais,https://open-archaeo.info/post/ais/,AIS,Archaeological information system,Standalone software,,,Data management,andredebuisne,https://github.com/andredebuisne/AIS,GitHub,,,,,,,,,https://archive.org/details/github.com-andredebuisne-AIS_-_2017-12-24_11-44-22,
3b55cd,ark1,https://open-archaeo.info/post/ark1/,ARK1,"The ark v1.1.2 stable release. Ark (the archaeological recording kit) is a web-based 'toolkit' for the collection, storage and dissemination of archaeological data. It includes data-editing, data-creation, data-viewing and data-sharing tools, all of which are delivered using a web-based front-end.",Standalone software,,,Data management,L-P Archaeology,https://github.com/lparchaeology/ARK1,GitHub,,,,,,,,,https://archive.org/details/github.com-lparchaeology-ARK1_-_2017-11-27_14-43-51,
f8f2e8,ark2,https://open-archaeo.info/post/ark2/,Ark2,"Ark (the archaeological recording kit) 2.0 development repository. Ark (the archaeological recording kit) is a web-based 'toolkit' for the collection, storage and dissemination of archaeological data. It includes data-editing, data-creation, data-viewing and data-sharing tools, all of which are delivered using a web-based front-end.",Standalone software,,,Data management,L-P Archaeology,https://github.com/lparchaeology/ARK2,GitHub,,,,,,,,,,
5ef689,ark-addons,https://open-archaeo.info/post/ark-addons/,ark-addons,"This is a django project to obtain statistical information from an ark project. It is aimed to mine data from archaeological databases and create customizable visualizations, querying both text and geographical data.",Standalone software,,,Data management,fradeve,https://github.com/fradeve/ark-addons,GitHub,,,,,,,,,https://archive.org/details/github.com-fradeve-ark-addons_-_2014-10-30_23-48-58,
e5b5dd,profileaar,https://open-archaeo.info/post/profileaar/,profileAAR,Python qgis plugin of recexcavaar's archprofile,Packages and libraries,QGIS,host application,Data management,ISAAKiel,https://github.com/ISAAKiel/profileAAR,GitHub,,,,,,,,,https://archive.org/details/github.com-ISAAKiel-profileAAR_-_2019-07-04_11-47-50,
fcc967,archjobcad,https://open-archaeo.info/post/archjobcad/,ArchJobCAD,Tasks for excavations in autocad,Packages and libraries,AutoCAD,host application,Data management,ISAAKiel,https://github.com/ISAAKiel/ArchJobCAD,GitHub,,,,,,,,,https://archive.org/details/github.com-ISAAKiel-ArchJobCAD_-_2021-03-10_12-29-45,
87f3d9,nervia,https://open-archaeo.info/post/nervia/,nervia,Management system for physical storage of archaeological finds,Standalone software,,,Data management,steko,https://github.com/steko/nervia|https://codeberg.org/steko/nervia,GitHub|Codeberg,,,,,,,,,https://archive.org/details/codeberg.org-steko-nervia_-_2020-06-22_07-37-06,
f10327,pyarchinit,https://open-archaeo.info/post/pyarchinit/,pyArchInit,A python plugin for qgis aimed at managing data from archaeological contexts on the gis platform,Packages and libraries,QGIS,host application,Data management,pyarchinit,,,,,,,https://sites.google.com/site/pyarchinit/,,,,,
e5a69b,tidypaleo,https://open-archaeo.info/post/tidypaleo/,tidypaleo,This package simplifies a few workflows when working with multi-proxy paleo-archive data,Packages and libraries,R,language,Data management|Palaeoclimate modelling,paleolimbot,https://github.com/paleolimbot/tidypaleo,GitHub,,,,,,,,,https://archive.org/details/github.com-paleolimbot-tidypaleo_-_2020-12-30_14-14-17,
7ae71f,historical-geocoding-assistant,https://open-archaeo.info/post/historical-geocoding-assistant/,historical-geocoding-assistant,Tool for assisted geocoding of historical datasets (something between a manual table editing and automated geocoding script),Standalone software,,,Data management,adammertel,https://github.com/adammertel/historical-geocoding-assistant,GitHub,,,,,,,,,https://archive.org/details/github.com-adammertel-historical-geocoding-assistant_-_2021-02-04_13-33-32,
b83eed,odkarchforms,https://open-archaeo.info/post/odkarchforms/,ODKArchForms,"Open data kit forms and conversion scripts used in archaeology. Including new mexico la forms, photologs, etc",Packages and libraries,Open Data Kit,host application,Data management,UNMOCA,https://github.com/UNMOCA/ODKArchForms,GitHub,,,,,,,,,https://archive.org/details/github.com-UNMOCA-ODKArchForms_-_2016-02-17_22-32-59,
437007,e5,https://open-archaeo.info/post/e5/,E5,E5 is a generalized data entry program intended for archaeologists that works with a configuration file where the data entry fields are defined,Standalone software,,,Data management,surf3s,https://github.com/surf3s/E5,GitHub,,,,,,,,,https://archive.org/details/github.com-surf3s-E5_-_2019-11-15_12-18-58,
e1488e,dedalo,https://open-archaeo.info/post/dedalo/,dedalo,"Dedalo is a knowledge management system for cultural heritage (tangible and intangible), natural heritage and oral history/memory.",Standalone software,,,Data management,renderpci,https://github.com/renderpci/dedalo,GitHub,,,,,,,,,https://archive.org/details/github.com-renderpci-dedalo_-_2021-01-16_08-50-03,
25d7a1,ishtar,https://open-archaeo.info/post/ishtar/,ishtar,"Ishtar is a database project for managing archaeological data and documentation from archaeological operations, that prioritizes maximum traceability of the information. Designed to enable inter-database communication, the ishtar project aims rather to a distributed information model than a centralized one: communication between the databases is favored.",Standalone software,,,Data management,iggdrasil,https://gitlab.com/iggdrasil/ishtar,GitLab,,,,,https://ishtar-archeo.net/en/,,,,https://archive.org/details/gitlab.com-iggdrasil-ishtar_-_2021-02-12_16-06-23,
227de1,stratibase,https://open-archaeo.info/post/stratibase/,Stratibase,"Stratibase is a minimal field recording database application (currently in filemaker fp7 format software), aimed at the simplest structure possible to perform the basic functions of a stratigraphic recording.",Standalone software,,,Data management,Bruno Desachy,,,,,,,https://abp.hypotheses.org/le-programme-bassin-parisien/les-projets/les-projets-associes-au-programme/fsn,,,,,
f9d4db,fiche-stratigraphique-numérique-fsn,https://open-archaeo.info/post/fiche-stratigraphique-num%C3%A9rique-fsn/,Fiche Stratigraphique Numérique (FSN),Fiche stratigraphique numerique (fsn) is an application project for field recording and management of archaeological operations data.,Standalone software,,,Data management,Bruno Desachy,,,,,,,https://abp.hypotheses.org/le-programme-bassin-parisien/les-projets/les-projets-associes-au-programme/fsn,,,,,
54a4e8,quari,https://open-archaeo.info/post/quari/,QuARI,"A database interface designed to facilitate the irregular, iterative, and non-linear workflows that are commonly employed in lithic analysis.",Scripts,R,language,Data collection|Lithic analysis,zackbatist|dcontre|Ciara Zogheib,https://github.com/zackbatist/QuARI,GitHub,,,10.1017/aap.2021.11,,,,,,https://archive.org/details/github.com-zackbatist-QuARI_-_2021-01-29_14-34-38,
5a0925,paleocorer,https://open-archaeo.info/post/paleocorer/,paleocoreR,R package for interacting with the paleocore api,Packages and libraries,R,language,API interfaces and web scrapers,paleocore,https://github.com/paleocore/paleocoreR,GitHub,,,,,http://paleocore.github.io/paleocoreR/,,,,https://archive.org/details/github.com-paleocore-paleocoreR_-_2014-07-18_20-59-37,
3aa615,cawd,https://open-archaeo.info/post/cawd/,cawd,An r package that collects together data for the ancient world,Packages and libraries,R,language,API interfaces and web scrapers,sfsheath,https://github.com/sfsheath/cawd,GitHub,,,,,,,,,https://archive.org/details/github.com-sfsheath-cawd_-_2017-12-21_20-32-33,
fa0f53,shkrdata,https://open-archaeo.info/post/shkrdata/,shkrdata,Package for downloading and preparing shkr data for archaeological analysis,Packages and libraries,R,language,API interfaces and web scrapers,ISAAKiel,https://github.com/ISAAKiel/shkrdata,GitHub,,,,,,,,,https://archive.org/details/github.com-ISAAKiel-shkrdata_-_2020-07-20_09-44-14,
56fd39,archdata,https://open-archaeo.info/post/archdata/,archdata,The archdata package provides several types of data that are typically used in archaeological research,Packages and libraries,R,language,Datasets,David L. Carlson|Georg Roth,,,https://CRAN.R-project.org/package=archdata,CRAN,,,,,,,,
c78bd5,benmarwickopencontext,https://open-archaeo.info/post/benmarwickopencontext/,benmarwickopencontext.r,Experimenting with the opencontext.org api using r,Scripts,R,language,API interfaces and web scrapers,benmarwick,https://gist.github.com/benmarwick/50aa4c39b7d955d0ec40,GitHub Gist,,,,,,,,,https://archive.org/details/gist.github.com-50aa4c39b7d955d0ec40_-_2016-09-16_22-55-57,
551976,radiocarbon-scrapers,https://open-archaeo.info/post/radiocarbon-scrapers/,radiocarbon-scrapers,Scrapers for public radiocarbon databases,Scripts,JavaScript,language,API interfaces and web scrapers,steko,https://codeberg.org/steko/radiocarbon-scrapers,Codeberg,,,,,,,,,https://archive.org/details/codeberg.org-steko-radiocarbon-scrapers_-_2020-03-27_10-55-09,
a9a5a7,neotoma,https://open-archaeo.info/post/neotoma/,neotoma,Programmatic r interface to the neotoma paleoecological database,Packages and libraries,R,language,API interfaces and web scrapers|Palaeoclimate modelling,ropensci,https://github.com/ropensci/neotoma,GitHub,,,,,,,,,https://archive.org/details/github.com-ropensci-neotoma_-_2020-09-20_18-21-19,
092e36,c14bazaar,https://open-archaeo.info/post/c14bazaar/,c14bazAAR,"R package to query different openly accessible radiocarbon date databases, allowing for basic data cleaning, calibration and merging",Packages and libraries,R,language,"API interfaces and web scrapers|Radiocarbon dating, calibration and sequencing",ISAAKiel,https://github.com/ropensci/c14bazAAR,GitHub,,,,https://doi.org/10.21105/joss.01914,,,,,https://archive.org/details/github.com-ropensci-c14bazAAR_-_2021-01-28_19-41-36,
84bc83,paleofire,https://open-archaeo.info/post/paleofire/,paleofire,An r package to analyse sedimentary charcoal records from the global charcoal database to reconstruct past biomass burning,Packages and libraries,R,language,API interfaces and web scrapers|Palaeoclimate modelling,oblarquez,https://github.com/oblarquez/paleofire,GitHub,,,,,https://www.gpwg.paleofire.org/,,,,https://archive.org/details/github.com-oblarquez-paleofire_-_2020-02-14_20-29-05,
efe096,archaeology-data-service,https://open-archaeo.info/post/archaeology-data-service/,archaeology-data-service,An app to collect data on archaeological objects.,Packages and libraries,Mobile app,deployment,API interfaces and web scrapers,anatolian,https://github.com/anatolian/archaeology-data-service,GitHub,,,,,,,,,https://archive.org/details/github.com-anatolian-archaeology-data-service_-_2020-06-05_18-22-23,
34cd53,munsell-plot,https://open-archaeo.info/post/munsell-plot/,munsell-plot.R,Make a stratigraphic-style plot-schematic of sediment colour using munsell values,Scripts,R,language,Diagrams and visualizations,benmarwick,https://gist.github.com/benmarwick/f32cbc2fe7297ec9f276b52c118a249a,GitHub Gist,,,,,,,,,https://archive.org/details/gist.github.com-f32cbc2fe7297ec9f276b52c118a249a_-_2019-03-16_00-28-14,
1fc02b,ceramic-frequency-date-plot,https://open-archaeo.info/post/ceramic-frequency-date-plot/,Ceramic-Frequency-Date-Plot,This r script produces a exploratory visual for assessing site date ranges originally suggested to me by wesley bernardini redlands university,Scripts,R,language,Diagrams and visualizations|Ceramic analysis,mpeeples2008,https://github.com/mpeeples2008/Ceramic-Frequency-Date-Plot,GitHub,,,,,,,,,https://archive.org/details/github.com-mpeeples2008-Ceramic-Frequency-Date-Plot_-_2018-05-11_04-48-23,
55405a,ford-diagram,https://open-archaeo.info/post/ford-diagram/,Ford-Diagram,This r function creates a simple ford diagram for archaeological seriation with error bars determined based on sample size were count data are given,Scripts,R,language,Diagrams and visualizations|Seriation,mpeeples2008,https://github.com/mpeeples2008/Ford-Diagram,GitHub,,,,,,,,,https://archive.org/details/github.com-mpeeples2008-Ford-Diagram_-_2019-01-14_18-46-58,
090cea,osteogis,https://open-archaeo.info/post/osteogis/,osteoGIS,Plot data on skeletal templates quickly,Packages and libraries,R,language,Diagrams and visualizations,davidcorton,https://github.com/davidcorton/osteoGIS,GitHub,,,,,,,,,https://archive.org/details/github.com-davidcorton-osteoGIS_-_2016-11-30_23-04-56,
c9dcac,munsell,https://open-archaeo.info/post/munsell/,munsell,"Provides easy access to, and manipulation of, the munsell colours",Packages and libraries,R,language,Diagrams and visualizations,cwickham,https://github.com/cwickham/munsell/,GitHub,https://CRAN.R-project.org/package=munsell,CRAN,,,,,,,https://archive.org/details/github.com-cwickham-munsell_-_2019-09-24_04-56-16,
7c2f58,khroma,https://open-archaeo.info/post/khroma/,khroma,Colour schemes for scientific data visualization.,Packages and libraries,R,language,Diagrams and visualizations,nfrerebeau,https://codeberg.org/tesselle/khroma,Codeberg,https://CRAN.R-project.org/package=khroma,CRAN,10.5281/zenodo.1472077,,https://packages.tesselle.org/khroma/,,,,https://archive.org/details/github.com-tesselle-khroma_-_2021-01-26_17-55-46,
89fd11,rekrei,https://open-archaeo.info/post/rekrei/,rekrei,Platform for crowdsourcing the digital recreation of lost heritage,Standalone software,,,Platforms and publications,rekrei,https://github.com/rekrei/rekrei,GitHub,,,,,,,,,https://archive.org/details/github.com-rekrei-rekrei_-_2021-01-14_19-27-48,
2c7895,archaeological-object-sharing,https://open-archaeo.info/post/archaeological-object-sharing/,archaeological-object-sharing,"An online space for sharing data, 3d models, etc about archaeological objects to enable the comparison of these objects.",Standalone software,,,Platforms and publications,anatolian,https://github.com/anatolian/archaeological-object-sharing,GitHub,,,,,,,,,https://archive.org/details/github.com-anatolian-archaeological-object-sharing_-_2017-01-25_19-13-38,
f39248,open-context-py,https://open-archaeo.info/post/open-context-py/,open-context-py,"This project represents the current evolution of open context. It's intended to be an easier to maintain code-base, and to make the data published by open context easier to maintain.",Standalone software,,,Platforms and publications,ekansa,https://github.com/ekansa/open-context-py,GitHub,,,,,,,,,https://archive.org/details/github.com-ekansa-open-context-py_-_2021-02-01_02-54-37,
5ef7cd,paleocore,https://open-archaeo.info/post/paleocore/,paleocore,Towards a data standard for paleoanthropology.,Standalone software,,,Platforms and publications,paleocore,https://github.com/paleocore/paleocore-retired,GitHub,,,,,https://paleocore.org/,,,,https://archive.org/details/github.com-paleocore-paleocore-retired_-_2018-01-05_20-00-41,
58fa91,poseidon-framework,https://open-archaeo.info/post/poseidon-framework/,poseidon-framework,"Poseidon is a framework that seeks to provide standardized ways to store and share archaeogenetic, and perhaps more broadly, molecular archaeological datasets.",Standalone software,,,Schemas and ontologies|Archaeogenetics,poseidon-framework,https://github.com/poseidon-framework/poseidon-hs,GitHub,,,,,https://www.poseidon-adna.org,,,,https://archive.org/details/github.com-poseidon-framework-poseidon-hs_-_2021-02-09_09-16-28,
663341,totalopenstation,https://open-archaeo.info/post/totalopenstation/,totalopenstation,Total open station downloads and exports survey data from your total station.,Standalone software,,,Drivers and IO,steko,https://github.com/steko/totalopenstation,GitHub,,,,,https://tops.iosa.it/,,,,https://archive.org/details/github.com-steko-totalopenstation_-_2020-11-18_11-12-29,
053d46,totalstation-tools,https://open-archaeo.info/post/totalstation-tools/,totalstation-tools,Tools to use and manipulate total station data,Packages and libraries,Python,language,Drivers and IO,WiseLabCMU,https://github.com/WiseLabCMU/totalstation-tools,GitHub,,,,,,,,,https://archive.org/details/github.com-WiseLabCMU-totalstation-tools_-_2018-03-10_20-40-09,
0a45b9,la-icp-ms-routines-fmnh,https://open-archaeo.info/post/la-icp-ms-routines-fmnh/,LA_ICP_MS-Routines_FMNH,Routines to read and analyze la-icp-ms data from the field museum's elemental analysis facility,Scripts,R,language,Educational resources and practical guides,ajupton,https://github.com/ajupton/LA_ICP_MS-Routines_FMNH,GitHub,,,,,,,,,https://archive.org/details/github.com-ajupton-LA_ICP_MS-Routines_FMNH_-_2018-10-20_19-02-22,
9f3483,anatolia-bibliography-map,https://open-archaeo.info/post/anatolia-bibliography-map/,anatolia-bibliography-map,"The goal of this project is to spatially locate bibliographic resources regarding the archaeology of anatolia (modern turkey). This takes the bibliography of archaeology to the next level by showing not only the topics and authors, but where the archaeological research is being done.",Standalone software,,,Writing,anatolian,https://github.com/anatolian/anatolia-bibliography-map,GitHub,,,,,,,,,https://archive.org/details/github.com-anatolian-anatolia-bibliography-map_-_2017-01-11_17-57-08,
78e461,signboardr,https://open-archaeo.info/post/signboardr/,signboardr,Extract text from archaeological photos containing a sign board and tag as metadata.,Packages and libraries,R,language,Shape recognition|Photography,mrecos,https://github.com/mrecos/signboardr,GitHub,,,,,,,,,https://archive.org/details/github.com-mrecos-signboardr_-_2017-11-04_00-39-27,
ffa635,missing,https://open-archaeo.info/post/missing/,missing,You have a sequence of numbered items and want to check if any are missing.,Scripts,Python,language,Bits and bobs,steko,https://codeberg.org/steko/missing,Codeberg,,,,,,,,,https://archive.org/details/codeberg.org-steko-missing_-_2020-02-10_10-18-09,
7ec5f1,soiltexture,https://open-archaeo.info/post/soiltexture/,soiltexture,"The soil texture wizard is a set of r functions designed to produce texture triangles (also called texture plots, texture diagrams, texture ternary plots), classify and transform soil textures data",Packages and libraries,R,language,Bits and bobs,julienmoeys,https://github.com/julienmoeys/soiltexture,GitHub,https://CRAN.R-project.org/package=soiltexture,CRAN,,,,,,,https://archive.org/details/github.com-julienmoeys-soiltexture_-_2020-03-09_15-35-09,
387609,sparch,https://open-archaeo.info/post/sparch/,sparch,A set of extra utilities that extend the functionlaity provided by core packages for spatial data management and analysis in r.,Packages and libraries,R,language,Bits and bobs,ahb108,https://github.com/ahb108/sparch,GitHub,,,,,,,,,https://archive.org/details/github.com-ahb108-sparch_-_2021-02-01_09-55-02,
043735,mtreering,https://open-archaeo.info/post/mtreering/,MtreeRing,A tool for automatically measuring tree-ring width using image processing techniques.,Packages and libraries,R,language,Bits and bobs,ropensci,https://github.com/ropensci/MtreeRing,GitHub,,,,,https://ropensci.github.io/MtreeRing/,,,,https://archive.org/details/github.com-ropensci-MtreeRing_-_2020-06-09_18-41-07,
813015,qrcode-storage,https://open-archaeo.info/post/qrcode-storage/,qrcode-storage,"Scripts to create qr-code images for storage boxes. Each box has an associated web page describing its content, and the qr-code serves as a short-link from the physical object to the web page.",Scripts,Python,language,Bits and bobs,steko,https://codeberg.org/steko/qrcode-storage,Codeberg,,,,,,,,,https://archive.org/details/codeberg.org-steko-qrcode-storage_-_2020-06-22_14-11-12,
657581,gmamisc,https://open-archaeo.info/post/gmamisc/,GmAMisc,"A collection of functions that built in different points in time. The functions' aim spans from univariate outlier detection, to permutation t test, permutation chi-square test, calculation of brainerd-robinson similarity coefficient, validation of logistic regression models, point pattern analysis, and more.",Packages and libraries,R,language,Bits and bobs,gianmarcoalberti,https://github.com/gianmarcoalberti/GmAMisc,GitHub,,,,,,,,,https://archive.org/details/github.com-gianmarcoalberti-GmAMisc_-_2018-07-10_14-35-11,
119b60,qgis-scripts,https://open-archaeo.info/post/qgis-scripts/,QGIS-scripts,Some scripts that could be useful for qgis users.,Packages and libraries,QGIS,host application,Bits and bobs,zoran-cuckovic,https://github.com/zoran-cuckovic/QGIS-scripts,GitHub,,,,,,,,,https://archive.org/details/github.com-zoran-cuckovic-QGIS-scripts_-_2018-07-21_22-11-13,
9fc18d,sériation-de-matrice-en-présence-absence,https://open-archaeo.info/post/s%C3%A9riation-de-matrice-en-pr%C3%A9sence-absence/,Sériation de matrice en présence/absence,Excel file containing macro commands making it possible to transform a 1/0 table (presence / absence) into a graphic matrix treated by matrix permutations; it is possible to take into account the uncertain presence of a character. The instructions for use are contained in the file.,Scripts,Microsoft Excel,host application,Bits and bobs|Seriation,Bruno Desachy,,,,,,,https://abp.hypotheses.org/le-programme-bassin-parisien/les-projets/les-projets-associes-au-programme/outils-danalyse-graphique-des-donnees,,,,,
d1a2b8,calibrator,https://open-archaeo.info/post/calibrator/,calibrator,Small command line tool for 14c calibration.,Standalone software,,,"Radiocarbon dating, calibration and sequencing",ISAAKiel,https://github.com/ISAAKiel/calibrator,GitHub,,,,,https://isaakiel.github.io/calibrator/,,,,https://archive.org/details/github.com-ISAAKiel-calibrator_-_2020-07-08_15-16-12,
f32468,rintchron,https://open-archaeo.info/post/rintchron/,rintchron,"Rintchron provides an r interface to intchron, an indexing service and exchange format for chronological data such as radiocarbon dates.",Packages and libraries,R,language,"Radiocarbon dating, calibration and sequencing|API interfaces and web scrapers",joeroe,https://github.com/joeroe/rintchron,GitHub,,,,,,,,,https://archive.org/details/github.com-joeroe-rintchron_-_2021-01-20_16-36-37,
aa94c0,archeofrag,https://open-archaeo.info/post/archeofrag/,archeofrag,R package for the analysis of the fragmentation of archeological objects.,Packages and libraries,R,language,Spatial analysis|Simulation|Statistical analysis,sebastien-plutniak,https://github.com/sebastien-plutniak/archeofrag,GitHub,https://cran.r-project.org/package=archeofrag,CRAN,,https://doi.org/10.1016/j.jas.2021.105501,https://github.com/sebastien-plutniak/archeofrag,,,,https://archive.org/details/github.com-sebastien-plutniak-archeofrag_-_2020-11-30_13-30-27,
86a287,opencontext,https://open-archaeo.info/post/opencontext/,opencontext,An r api client for the open context archaeological data repository.,Packages and libraries,R,language,API interfaces and web scrapers,ropensci,https://github.com/ropensci/opencontext,GitHub,,,,,https://docs.ropensci.org/opencontext/,,,,https://archive.org/details/github.com-ropensci-opencontext_-_2020-05-13_14-44-02,
51aa23,allen-archaeology,https://open-archaeo.info/post/allen-archaeology/,allen.archaeology,Allen's interval algebra for archaeologists.,Packages and libraries,R,language,Statistical analysis,tsdye,https://github.com/tsdye/allen.archaeology,GitHub,,,,,,,,,https://archive.org/details/github.com-tsdye-allen.archaeology_-_2021-01-08_18-37-11,
8d92a1,demjanp,https://open-archaeo.info/post/demjanp/,demjanp,Radiocarbon dating resolution calculator.,Packages and libraries,Python,language,"Radiocarbon dating, calibration and sequencing",demjanp,https://github.com/demjanp/Res14C,GitHub,,,,,,,,,https://archive.org/details/github.com-demjanp-Res14C_-_2020-06-05_11-05-56,
6d814d,arkhe,https://open-archaeo.info/post/arkhe/,arkhe,Tools for cleaning rectangular data.,Packages and libraries,R,language,Schemas and ontologies,nfrerebeau,https://codeberg.org/tesselle/arkhe,Codeberg,https://CRAN.R-project.org/package=arkhe,CRAN,10.5281/zenodo.3526659,,https://packages.tesselle.org/arkhe/,,,,https://archive.org/details/github.com-tesselle-arkhe_-_2021-01-26_18-26-42,
49eaab,era,https://open-archaeo.info/post/era/,era,R package for year-based time scales,Packages and libraries,R,language,Schemas and ontologies,joeroe,https://github.com/joeroe/era,GitHub,https://CRAN.R-project.org/package=era,CRAN,,,https://era.joeroe.io/,,,,https://archive.org/details/github.com-joeroe-era_-_2021-02-02_13-48-22,
7149ff,tfqar,https://open-archaeo.info/post/tfqar/,tfqar,Tools for Quantitative Archaeology - in R.,Packages and libraries,R,language,Statistical analysis,sslarch,https://github.com/sslarch/tfqar,GitHub,,,,,http://tfqa.com/,,,,https://archive.org/details/github.com-sslarch-tfqar_-_2020-11-06_14-44-53,
7c887e,arches,https://open-archaeo.info/post/arches/,arches,"Arches is a web platform for creating, managing, & visualizing geospatial data. Arches was inspired by the needs of the Cultural Heritage community, particularly the widespread need of organizations to build & manage cultural heritage inventories.",Standalone software,,,Data management,archesproject,https://github.com/archesproject/arches,GitHub,,,,,https://www.archesproject.org/,,,,https://archive.org/details/github.com-archesproject-arches_-_2021-02-04_04-54-27,
b288d5,admur,https://open-archaeo.info/post/admur/,ADMUR,"Tools to directly model underlying population dynamics using chronological datasets (radiocarbon and other) with a variety of models, including Continuous Piecewise Linear (CPL) model framework, and model comparison framework using BIC. Package also calibrates 14C samples, and generates Summed Probability Distributions (SPD). CPL modelling directly estimates the most likely population trajectory given a dataset, using SPD simulation analysis to generate a Goodness-of-fit test for the best selected model.",Packages and libraries,R,language,Chronological modelling,Adrian Timpson|Ramiro Barberena|Mark G. Thomas|César Méndez|Katie Manning,https://github.com/UCL/ADMUR,GitHub,,,10.1098/rstb.2019.0723,https://doi.org/10.1098/rstb.2019.0723,,,,,https://archive.org/details/github.com-UCL-ADMUR_-_2021-01-27_11-48-18,
f62661,odk-forms-archaeology,https://open-archaeo.info/post/odk-forms-archaeology/,ODK-forms-archaeology,Forms for the Open Data Kit mobile data collection app.,Packages and libraries,Open Data Kit,host application,Templates|Data collection,isaacullah,https://github.com/isaacullah/ODK-forms-archaeology,GitHub,,,,,,,,,https://archive.org/details/github.com-isaacullah-ODK-forms-archaeology_-_2021-01-11_23-33-22,
bb8f06,fix-exif-artist,https://open-archaeo.info/post/fix-exif-artist/,Fix-exif-artist,Fix the Exif.Image.Artist tag based on user input depending from the camera model. Useful if you have a bunch of photographs from different people all mixed up.,Scripts,Python,language,Bits and bobs,steko,https://codeberg.org/steko/fix-exif-artist,Codeberg,,,,,,,,,https://archive.org/details/codeberg.org-steko-fix-exif-artist_-_2020-03-25_20-46-58,
d956c6,expotime,https://open-archaeo.info/post/expotime/,expotime,What is the correlation between the exposure time of your photographs and the time of the day?,Scripts,Python,language,Photography,steko,https://codeberg.org/steko/expotime,Codeberg,,,,,,,,,https://archive.org/details/codeberg.org-steko-expotime_-_2020-08-08_08-20-45,
302a51,zoolog,https://open-archaeo.info/post/zoolog/,zoolog,Manipulate log-ratios (also known as log size index (LSI) values) from measurements obtained on zooarchaeological material.,Packages and libraries,R,language,Zooarchaeology,josempozo|Silvia Valenzuela-Lamas|Angela Trentacoste|Ariadne Nieto-Espinet|Silvia Guimarães Chiarelli,https://github.com/josempozo/zoolog,GitHub,https://CRAN.R-project.org/package=zoolog,CRAN,,,https://josempozo.github.io/zoolog/,,,,https://archive.org/details/github.com-josempozo-zoolog_-_2021-02-25_14-11-16,
521c30,iconr,https://open-archaeo.info/post/iconr/,iconr,"Set of formal methods for studying archaeological iconographic datasets (rock-art, pottery decoration, stelae, etc.) using network and spatial analysis.",Packages and libraries,R,language,Iconography,zoometh|josempozo|Craig Alexander,https://github.com/zoometh/iconr,GitHub,,,,,https://zoometh.github.io/iconr/articles/index.html,,,,https://archive.org/details/github.com-zoometh-iconr_-_2021-03-01_18-06-08,
6a9896,heurist,https://open-archaeo.info/post/heurist/,heurist,"A web-based data management infrastructure that allows researchers to design, create, manage, analyse and publish their own richly-structured database(s) through a simple web interface, without the need for programmers or consultants.",Standalone software,,,Data management,HeuristNetwork,https://github.com/HeuristNetwork/heurist,GitHub,,,,,http://heuristnetwork.org/,,,,https://archive.org/details/github.com-HeuristNetwork-heurist_-_2021-03-01_11-18-04,
927552,anthropmmd,https://open-archaeo.info/post/anthropmmd/,anthropmmd,"An R package for Smith's Mean Measure of Divergence (MMD), with a graphical user interface, facilities for trait selection and graphical representations.",Packages and libraries,R,language,Cultural evolution|Statistical analysis,frederic-santos,https://github.com/frederic-santos/anthropmmd,GitHub,,,10.1002/ajpa.23336,,,,,,https://archive.org/details/github.com-frederic-santos-anthropmmd_-_2020-09-22_11-43-32,
22f8da,rdss,https://open-archaeo.info/post/rdss/,rdss,An R package to facilitate the use of Murail et al.'s (1999) approach of sex estimation in past populations.,Packages and libraries,R,language,Cultural evolution|Statistical analysis,frederic-santos,https://github.com/frederic-santos/rdss,GitHub,,,10.1002/oa.2957,,,,,,https://archive.org/details/github.com-frederic-santos-rdss_-_2021-01-21_10-05-28,
44d440,3d-organ,https://open-archaeo.info/post/3d-organ/,3D-ORGAN,3D reconstruction of incomplete archaeological objects using a generative adversarial network (GAN).,Scripts,Python,language,3D modelling,Renato Hermoza|Ivan Sipiran,https://github.com/renato145/3D-ORGAN,GitHub,,,10.1145/3208159.3208173,https://doi.org/10.1145/3208159.3208173,,,,,https://archive.org/details/github.com-renato145-3D-ORGAN_-_2020-02-20_02-43-58,
db2819,unstruwwel,https://open-archaeo.info/post/unstruwwel/,unstruwwel,Detect and Parse Historic Dates in R.,Packages and libraries,R,language,Chronological modelling,stefanieschneider,https://github.com/stefanieschneider/unstruwwel,GitHub,,,,,,,,,https://archive.org/details/github.com-stefanieschneider-unstruwwel_-_2021-01-20_07-46-30,
9baf3a,max,https://open-archaeo.info/post/max/,MAX,An online tool for the comparative analysis of museum databases.,Standalone software,,,Museums,stefanieschneider|Hubertus Kohle|Severin Burg|Helmut Küchenhoff,https://github.com/stefanieschneider/MAX,GitHub,,,,,https://www.max.gwi.uni-muenchen.de/,,,,https://archive.org/details/github.com-stefanieschneider-MAX_-_2020-10-20_11-38-03,
e8919e,humanos,https://open-archaeo.info/post/humanos/,HumanOS,A mobile application for the intuitive recording of human bones from archaeological sites.,Packages and libraries,Mobile app,deployment,Zooarchaeology|Data management,Rozenn Colleter|Jean-Baptiste Romain|Jean-Baptiste Barreau,,,,,10.4995/var.2020.13422,https://polipapers.upv.es/index.php/var/article/view/13422,https://www.humanos.cnrs.fr/,,,,,
b86dfb,archaide,https://open-archaeo.info/post/archaide/,ArchAIDE,Tool for the automatic recognition of archaeological pottery.,Standalone software,,,Shape recognition|Ceramic analysis,barak-itkin,https://github.com/barak-itkin/archaide-software,GitHub,,,,,http://www.archaide.eu/,,,,https://archive.org/details/github.com-barak-itkin-archaide-software_-_2021-02-27_14-51-52,
f17272,c14,https://open-archaeo.info/post/c14/,c14,R package for tidy radiocarbon data.,Packages and libraries,R,language,"Radiocarbon dating, calibration and sequencing",joeroe,https://github.com/joeroe/c14,GitHub,,,,,https://c14.joeroe.io,,,,https://archive.org/details/github.com-joeroe-c14_-_2021-05-06_14-30-31,
3cace6,piwigo-3dhop,https://open-archaeo.info/post/piwigo-3dhop/,piwigo-3dhop,Piwigo plugin for viewing 3D models using 3DHOP.,Packages and libraries,Piwigo,host application,3D modelling,joeroe,https://github.com/joeroe/piwigo-3dhop,GitHub,,,,,,,,,https://archive.org/details/github.com-joeroe-piwigo-3dhop_-_2020-08-12_12-09-51,
5d4a00,rpaleoclim,https://open-archaeo.info/post/rpaleoclim/,rpaleoclim,R interface for open paleoclimate data.,Packages and libraries,R,language,API interfaces and web scrapers|Palaeoclimate modelling,joeroe,https://github.com/joeroe/rpaleoclim,GitHub,https://CRAN.R-project.org/package=rpaleoclim,CRAN,,,https://rpaleoclim.joeroe.io,,,,https://archive.org/details/github.com-joeroe-rpaleoclim_-_2019-10-03_11-01-37,
23248f,baydem,https://open-archaeo.info/post/baydem/,baydem,Bayesian tools for reconstructing past demography.,Packages and libraries,R,language,"Radiocarbon dating, calibration and sequencing|Palaeobotany",MichaelHoltonPrice|bocinsky,https://github.com/eehh-stanford/baydem,GitHub,,,,,https://eehh-stanford.github.io/baydem/,,,,https://archive.org/details/github.com-eehh-stanford-baydem_-_2021-04-09_19-24-36,
4d450f,allen-relations,https://open-archaeo.info/post/allen-relations/,allen-relations,Allen relations from Bayesian calibration: R function to compare two indefinite intervals produced by a Bayesian calibration using the Allen algebra.,Packages and libraries,R,language,Chronological modelling,tsdye,https://github.com/tsdye/allen-relations,GitHub,,,,,,http://tsdye.online/tsdye/posts/allen-relations/,,,https://archive.org/details/github.com-tsdye-allen-relations_-_2019-07-07_02-55-15,
d60b20,oxcaar,https://open-archaeo.info/post/oxcaar/,oxcAAR,A collection of functions that can be used to execute OxCal from within R.,Packages and libraries,R,language,"Radiocarbon dating, calibration and sequencing|Chronological modelling",MartinHinz|nevrome|dakni|ctietze91,https://github.com/ISAAKiel/oxcAAR,GitHub,,,,,,,,,https://archive.org/details/github.com-ISAAKiel-oxcAAR_-_2021-07-05_16-54-08,
f0dbab,ctransmission,https://open-archaeo.info/post/ctransmission/,cTransmission,An Approximate Bayesian Computation Framework for inferring patterns of cultural transmission from frequency data.,Packages and libraries,R,language,Statistical analysis|Cultural evolution,ercrema|Anne Kandler,https://github.com/ercrema/cTransmission,GitHub,,,,,,,,,https://archive.org/details/github.com-ercrema-cTransmission_-_2020-05-14_17-43-37,
6ebfa5,nimblecarbon,https://open-archaeo.info/post/nimblecarbon/,nimbleCarbon,The nimbleCarbon package provides utility functions and bespoke probability distributions for the Bayesian analyses of radiocarbon dates using the NIMBLE framework. The package is particularly dedicated to demographic inferences based on changing frequencies of radiocarbon dates.,Packages and libraries,R,language,"Radiocarbon dating, calibration and sequencing",ercrema,https://github.com/ercrema/nimbleCarbon,GitHub,,,,,,,,,https://archive.org/details/github.com-ercrema-nimbleCarbon_-_2021-06-17_15-27-15,
ca6801,neiman1995,https://open-archaeo.info/post/neiman1995/,neiman1995,R Shiny Document - Visualizing model functions in Neimans 'Stylistic variation in evolutionary perspective' with an interactive document.,Scripts,R,language,Educational resources and practical guides|Cultural evolution,nevrome,https://github.com/nevrome/neiman1995,GitHub,,,,,https://nevrome.shinyapps.io/neiman1995,,,,https://archive.org/details/github.com-nevrome-neiman1995_-_2018-09-15_12-51-43,
c3aaa8,skyscaper,https://open-archaeo.info/post/skyscaper/,skyscapeR,"An R package for data reduction, visualization and analysis in skyscape archaeology, archaeoastronomy and cultural astronomy.",Packages and libraries,R,language,Archaeoastronomy,f-silva-archaeo,https://github.com/f-silva-archaeo/skyscapeR,GitHub,,,,,,,,,https://archive.org/details/github.com-f-silva-archaeo-skyscapeR_-_2020-02-27_14-52-38,
0900f8,fastmarching,https://open-archaeo.info/post/fastmarching/,fastmaRching,"An R implementation of the Fast Marching Method (FMM), first developed by Sethian (1996), with the modifications of Silva and Steele (2012, 2014). Also included is a spatial wrapper function that makes it easier to model dispersal scenarios in geospatial domains, as originally envisaged for the study and simulation of prehistoric dispersals",Packages and libraries,R,language,Spatial analysis,f-silva-archaeo,https://github.com/f-silva-archaeo/fastmaRching,GitHub,https://CRAN.R-project.org/package=fastmaRching,CRAN,10.5281/zenodo.1204397,https://doi.org/10.1016/j.jas.2014.04.021,,,,,https://archive.org/details/github.com-f-silva-archaeo-fastmaRching_-_2019-09-05_11-20-15,
8495d9,seriation-mhahsler,https://open-archaeo.info/post/seriation-mhahsler/,seriation,"R package that provides the infrastructure for ordering objects with an implementation of several seriation/sequencing/ordination techniques to reorder matrices, dissimilarity matrices, and dendrograms (see below for a full list). Also provides (optimally) reordered heatmaps, color images and clustering visualizations like dissimilarity plots, and visual assessment of cluster tendency plots (VAT and iVAT).",Packages and libraries,R,language,Statistical analysis|Seriation,"mhahsler|Christian Buchta|Kurt Hornik|Fionn Murtagh|Michael Brusco, Stephanie Stahl, and Hans-Friedrich Koehn",https://github.com/mhahsler/seriation,GitHub,https://CRAN.R-project.org/package=seriation,CRAN,,,,,,,https://archive.org/details/github.com-mhahsler-seriation_-_2021-06-30_17-19-23,
d43c52,bleiglas,https://open-archaeo.info/post/bleiglas/,bleiglas,"An R package that provides functions for 3D tessellation with Voro++ and subsequent horizontal cutting of the resulting polygons for 2D plotting. It was developed for archaeological spatiotemporal data, but may as well be used for other three dimensional contexts.",Packages and libraries,R,language,Spatial analysis|3D modelling,nevrome|stschiff,https://github.com/nevrome/bleiglas,GitHub,,,,https://doi.org/10.21105/joss.03092,,,,,https://archive.org/details/github.com-nevrome-bleiglas_-_2021-04-10_13-49-19,
3304c8,neolithicr,https://open-archaeo.info/post/neolithicr/,neolithicR,"Shiny app to search and filter radiocarbon dates from various source databases, based on the R package c14bazAAR.",Scripts,R,language,"API interfaces and web scrapers|Radiocarbon dating, calibration and sequencing",nevrome|dirkseidensticker,https://github.com/nevrome/neolithicR,GitHub,,,,,https://www.neolithicrc.de,,,,https://archive.org/details/github.com-nevrome-neolithicR_-_2019-11-18_08-37-30,
aa1f20,idaifieldr,https://open-archaeo.info/post/idaifieldr/,idaifieldR,The goal of idaifieldR is to flexibly get data from the idaifield database into R.,Packages and libraries,R,language,API interfaces and web scrapers,lsteinmann,https://github.com/lsteinmann/idaifieldR,GitHub,,,,,,,,,https://archive.org/details/github.com-lsteinmann-idaifieldR_-_2021-04-13_16-34-48,
9baa7a,idai-field,https://open-archaeo.info/post/idai-field/,iDAI.field,"The German Archaeological Institute's (DAI) new take on a field research documentation system. Combining features of GIS, photo management, and database management systems in a unique and integrating manner, it aims at facilitating archaeological workflows by reducing the overhead of using multiple systems. Developed in-house by the DAI's information technology department, it targets primarily the needs of the institute's excavations, older ones as well as those to come. Yet, due to the nature of its adjustable data model and the fact it is open source software, any interested third party is free to reuse and adjust it to their needs.",Standalone software,,,Data management,daiinst,https://github.com/dainst/idai-field,GitHub,,,,,https://field.dainst.org/#/,,,,https://archive.org/details/github.com-dainst-idai-field_-_2021-07-06_16-20-43,
67fab8,datplot,https://open-archaeo.info/post/datplot/,datplot,"Converting date ranges into dating 'steps' eases the visualization of changes in e.g. pottery consumption, style and other variables over time. This package provides tools to process and prepare data for visualization.",Packages and libraries,R,language,Chronological modelling,lsteinmann|Barbora Weissova,https://github.com/lsteinmann/datplot,GitHub,,,,,,,,,https://archive.org/details/github.com-lsteinmann-datplot_-_2021-06-26_14-24-43,
6bbf5b,aoristic,https://open-archaeo.info/post/aoristic/,aoristic,R package for aoristic analysis; the goal of aoristic is to make sense of temporally vague data.,Packages and libraries,R,language,Chronological modelling,jerryratcliffe,https://github.com/jerryratcliffe/aoristic,GitHub,https://CRAN.R-project.org/package=aoristic,CRAN,,,,,,,https://archive.org/details/github.com-jerryratcliffe-aoristic_-_2021-01-31_22-30-35,
3cb78d,outliner-benmarwick,https://open-archaeo.info/post/outliner-benmarwick/,outliner,A simple app for tracing outlines of an irregular shape and exporting the coordinates of the outline.,Packages and libraries,R,language,Artefact morphology,benmarwick,https://github.com/benmarwick/outliner,GitHub,,,,,,,,,https://archive.org/details/github.com-benmarwick-outliner_-_2021-01-31_08-26-33,
dd3f07,outliner-yesdavid,https://open-archaeo.info/post/outliner-yesdavid/,outlineR,An R package to derive outline shapes from (multiple) artefacts on JPEG images.,Packages and libraries,R,language,Artefact morphology,yesdavid,https://github.com/yesdavid/outlineR,GitHub,,,10.5281/zenodo.4527470,,,,,,https://archive.org/details/github.com-yesdavid-outlineR_-_2021-06-18_18-20-24,
8b67ab,thanados,https://open-archaeo.info/post/thanados/,THANADOS,"An open source, web application for the presentation of archaeological data especially for burial studies.",Standalone software,,,API interfaces and web scrapers|Data management,stefaneichert,https://github.com/stefaneichert/thanados,GitHub,,,,,https://thanados.net/,,,,https://archive.org/details/github.com-stefaneichert-thanados_-_2021-06-29_09-29-29,
c2e98c,caddonet,https://open-archaeo.info/post/caddonet/,caddonet,Peer reviewed and indexed articles published on Caddo archaeology since 2000.,Standalone software,,,Datasets|Bibliography,aksel-blaise,https://github.com/aksel-blaise/caddonet,GitHub,,,,,https://aksel-blaise.github.io/caddonet/,,,,https://archive.org/details/github.com-aksel-blaise-caddonet_-_2020-04-03_11-10-46,
106d3a,seriation-clipo,https://open-archaeo.info/post/seriation-clipo/,Seriation,"Algorithms, implementations, manuscripts, and test cases for iterative deterministic frequency seriation done by agglomeration.",Packages and libraries,R,language,Statistical analysis|Seriation,clipo,https://github.com/clipo/Seriation,GitHub,,,,,,,,,https://archive.org/details/github.com-clipo-Seriation_-_2015-04-07_22-44-25,
efc456,openatlas,https://open-archaeo.info/post/openatlas/,OpenAtlas,"An open source, web based database system for complex archaeological, historical and geospatial data.",Standalone software,,,Data management,CRAWS,https://github.com/craws/OpenAtlas,GitHub,,,,,https://openatlas.eu/,,,,https://archive.org/details/github.com-craws-OpenAtlas_-_2021-06-25_15-15-38,
8240ac,statuaar,https://open-archaeo.info/post/statuaar/,statuAAR,Estimation of human stature from long bone measurements according to several well established estimation formula.,Packages and libraries,R,language,Archaeogenetics,chrinne|capsizingHR|AnKaLoy|FrankSiegmund,https://github.com/ISAAKiel/statuAAR,GitHub,,,,,,,,,https://archive.org/details/github.com-ISAAKiel-statuAAR_-_2021-06-23_15-36-26,
b5110c,postaar-python,https://open-archaeo.info/post/postaar-python/,postAAR-python,Python implementation of postAAR.,Packages and libraries,Python,language,Shape recognition,chrinne|WerthersEchte,https://github.com/ISAAKiel/postAAR-python,GitHub,,,,,,,,,https://archive.org/details/github.com-ISAAKiel-postAAR-python_-_2020-12-16_15-22-01,
aa8087,postaar,https://open-archaeo.info/post/postaar/,postAAR,"An automated process to detect buildings within large sets of postholes in multi-occupational sites, similar to the obsolete Windows-software ""posthole"" by Irwin Scollar.",Packages and libraries,R,language,Shape recognition,nmueller18|chrinne,https://github.com/ISAAKiel/postAAR,GitHub,,,,,,,,,https://archive.org/details/github.com-ISAAKiel-postAAR_-_2019-05-06_12-38-44,
a000a4,lecaar,https://open-archaeo.info/post/lecaar/,lecAAR,"Tool for calculating the largest empty circles and estimation of archaeological sites theoretically to be expected in region of interest, an implementation of the method published by Andreas Zimmermann and Karl Peter Wendt (2003).",Packages and libraries,R,language,Statistical analysis|Spatial analysis,yesdavid|nevrome|nmueller18|whamer|dakni,https://github.com/ISAAKiel/lecAAR,GitHub,,,,,,,,,https://archive.org/details/github.com-ISAAKiel-lecAAR_-_2019-07-29_12-28-26,
6dfd3a,dimensio,https://open-archaeo.info/post/dimensio/,dimensio,"Simple Principal Components Analysis (PCA) and Correspondence Analysis (CA) based on the Singular Value Decomposition (SVD). This package provides S4 classes and methods to compute, extract, summarize and visualize results of multivariate data analysis. It also includes methods for partial bootstrap validation.",Packages and libraries,R,language,Statistical analysis,nfrerebeau,https://codeberg.org/tesselle/dimensio,Codeberg,,,10.5281/zenodo.4478530,,https://packages.tesselle.org/dimensio/,,,,https://archive.org/details/github.com-tesselle-dimensio_-_2021-05-24_16-00-49,
1e8a76,yada,https://open-archaeo.info/post/yada/,yada,"yada, which stands for Yet Another Demographic Analysis package, supports a variety of demographic tasks, with most applications drawn from forensic anthroplogy and archaeology.",Packages and libraries,R,language,Archaeogenetics,MichaelHoltonPrice,https://github.com/eehh-stanford/yada,GitHub,,,,,https://eehh-stanford.github.io/yada/,,,,https://archive.org/details/github.com-eehh-stanford-yada_-_2020-06-15_00-23-18,
7113a4,paleocar,https://open-archaeo.info/post/paleocar/,paleocar,An R package implementing functions to perform spatio-temporal paleoclimate reconstruction from tree-rings using the CAR (Correlation Adjusted corRelation) approach of Zuber and Strimmer.,Packages and libraries,R,language,Palaeobotany|Statistical analysis,bocinsky,https://github.com/bocinsky/paleocar,GitHub,,,,,,,,,https://archive.org/details/github.com-bocinsky-paleocar_-_2021-02-04_20-42-19,
35e246,the-southwestern-taphonomic-protocol,https://open-archaeo.info/post/the-southwestern-taphonomic-protocol/,The Southwestern Taphonomic Protocol,A set of analyses to control for variable taphonomic impacts on archaeological faunal datasets.,Packages and libraries,R,language,Schemas and ontologies|API interfaces and web scrapers,bocinsky,https://github.com/bocinsky/swtp,GitHub,,,10.5281/zenodo.4301001,,,,,,https://archive.org/details/github.com-bocinsky-swtp_-_2020-12-11_04-18-38,
d7c158,tdar,https://open-archaeo.info/post/tdar/,tdar,"R package that allows programmatic access to the Digital Archaeological Record (tDAR), a service of Digital Antiquity.",Packages and libraries,R,language,API interfaces and web scrapers,bocinsky,https://github.com/bocinsky/tdar,GitHub,,,,,,,,,https://archive.org/details/github.com-bocinsky-tdar_-_2020-08-06_02-10-16,
9fcb07,spartaas,https://open-archaeo.info/post/spartaas/,SPARTAAS,Statistical pattern recognition and dating using archaeological artefacts assemblages.,Packages and libraries,R,language,Statistical analysis,Lise Bellanger|Philippe Husi|Arthur Coulon|Bruno Desachy|Benjamin Martineau,,,https://cran.r-project.org/package=SPARTAAS,CRAN,,,,,,,,
f08f30,bonify,https://open-archaeo.info/post/bonify/,Bonify,Access and visualize 3D models of faunal remains.,Standalone software,,,3D modelling|Zooarchaeology,garynobles|Canan Cakirlar|Nynke de Boer,,,,,,,https://www.digitalbones.eu,,,,,
2f00c7,alligator,https://open-archaeo.info/post/alligator/,Alligator,A Web tool for converting CAs with dating information to relative time intervals as RDF.,Standalone software,,,Statistical analysis|Schemas and ontologies,florianthiery|Allard Mees,https://github.com/leiza-rse/alligator,GitHub,,,,,https://tools.leiza.de/alligator/,,,,https://archive.org/details/github.com-RGZM-alligator_-_2021-06-04_01-29-28,
c2ec2e,geocore,https://open-archaeo.info/post/geocore/,geoCore,Constructs a graphical representation of petrographic drilling profiles.,Packages and libraries,QGIS,host application,Diagrams and visualizations,Gerrit Bette|Moritz Mennenga,https://github.com/t-systems-on-site-services-gmbh/geoCore,GitHub,,,10.5281/zenodo.4548887,,https://plugins.qgis.org/plugins/geoCore/,,,,,
73296f,tachy2gis,https://open-archaeo.info/post/tachy2gis/,Tachy2GIS,Enables you to create geometries directly from tachymeter input while at the same time adding vertices manually.,Standalone software,,,Drivers and IO,Archaeological-Museum-Hamburg|chris-jan-trapp,https://github.com/Archaeological-Museum-Hamburg/Tachy2GIS,GitHub,,,,,,,,,https://archive.org/details/github.com-gbv-Tachy2GIS_-_2021-04-23_09-17-43,
764279,bioanth,https://open-archaeo.info/post/bioanth/,bioanth,An R package that provides datasets useful for biological and forensic anthropology.,Packages and libraries,R,language,Biological anthropology,geanes,https://github.com/geanes/bioanth,GitHub,,,,,,,,,https://archive.org/details/github.com-geanes-bioanth_-_2015-02-27_03-40-21,
61292c,roomaccum,https://open-archaeo.info/post/roomaccum/,RoomAccum,Room Accumulation Simulation ro estimate archaeological population growth rates.,Standalone software,,,Simulation|Cultural evolution,kintigh,https://github.com/kintigh/RoomAccum,GitHub,,,,,,,,,https://archive.org/details/github.com-kintigh-RoomAccum_-_2020-06-15_19-37-46,
2a8ef4,babylonian-hours,https://open-archaeo.info/post/babylonian-hours/,babylonian-hours,A digital clock which computes your local time in 'seasonal-hours'.,Standalone software,,,Simulation,willismonroe,https://github.com/willismonroe/babylonian-hours,GitHub,,,,,,,,,https://archive.org/details/github.com-willismonroe-babylonian-hours_-_2019-01-05_20-36-50,
58585b,hammurabi-markov,https://open-archaeo.info/post/hammurabi-markov/,hammurabi-markov,Simple VueJS page generating fake laws of Hammurabi.,Standalone software,,,Simulation|Literary analysis and epigraphy,willismonroe,https://github.com/willismonroe/hammurabi-markov,GitHub,,,,,,,,,https://archive.org/details/github.com-willismonroe-hammurabi-markov_-_2021-05-07_17-40-49,
7ed510,cleanc14,https://open-archaeo.info/post/cleanc14/,cleanc14,Provides some utility functions for cleaning radiocarbon data in R.,Packages and libraries,R,language,"Radiocarbon dating, calibration and sequencing",joeroe,https://github.com/joeroe/cleanc14,GitHub,,,,,,,,,https://archive.org/details/github.com-joeroe-cleanc14_-_2021-05-04_08-45-08,
c68acc,tachy2gis-arch,https://open-archaeo.info/post/tachy2gis-arch/,Tachy2GIS_arch,QGIS plugin for documentation of archaeological features using Tachy2GIS.,Packages and libraries,QGIS,host application,Data collection|Site mapping,Landesamt-fuer-Archaeologie-Sachsen,https://github.com/Landesamt-fuer-Archaeologie-Sachsen/Tachy2GIS_arch,GitHub,,,,,,,,,https://archive.org/details/github.com-Landesamt-fuer-Archaeologie-Sachsen-Tachy2GIS_arch_-_2021-06-29_11-41-35,
122259,iraq-mortar,https://open-archaeo.info/post/iraq-mortar/,Iraq_mortar,Enables the creation of a high quality 3D model of an archaeological artefact via process known as photo-masking.,Packages and libraries,Python,language,3D modelling|Shape recognition,apalmisano82,https://github.com/apalmisano82/Iraq_mortar,GitHub,,,,,,,,,https://archive.org/details/github.com-apalmisano82-Iraq_mortar_-_2017-03-17_18-27-31,
5991ee,elementsourcing,https://open-archaeo.info/post/elementsourcing/,ElementSourcing,Source archaeological artifacts using elemental composition.,Scripts,R,language,X-Ray Fluorescence,bischrob,https://github.com/bischrob/ElementSourcing,GitHub,,,,,,,,,https://archive.org/details/github.com-bischrob-ElementSourcing_-_2018-02-06_20-35-44,
3b4587,elemsource,https://open-archaeo.info/post/elemsource/,elemSource,R Package for sourcing elements.,Packages and libraries,R,language,X-Ray Fluorescence,bischrob,https://github.com/bischrob/elemSource,GitHub,,,,,,,,,https://archive.org/details/github.com-bischrob-elemSource_-_2020-01-06_18-15-30,
e513d8,ceramicapportioning,https://open-archaeo.info/post/ceramicapportioning/,CeramicApportioning,"A method for chronological apportioning of ceramic assemblages that considers site occupation dates, ceramic production dates, and popularity distribution curves.",Scripts,R,language,Chronological modelling|Ceramic analysis,mpeeples2008,https://github.com/mpeeples2008/CeramicApportioning,GitHub,,,,,,,,,https://archive.org/details/github.com-mpeeples2008-CeramicApportioning_-_2021-05-27_23-46-40,
752115,kairos,https://open-archaeo.info/post/kairos/,kairos,Analysis of chronological patterns from archaeological count data.,Packages and libraries,R,language,Chronological modelling,nfrerebeau,https://codeberg.org/tesselle/kairos,Codeberg,https://CRAN.R-project.org/package=kairos,CRAN,10.5281/zenodo.5653896,,https://packages.tesselle.org/kairos/,,,,https://archive.org/details/github.com-tesselle-kairos_-_2021-06-24_12-52-49,
f5cfcb,nexus,https://open-archaeo.info/post/nexus/,nexus,Sourcing archaeological materials by chemical composition.,Packages and libraries,R,language,X-Ray Fluorescence|Instrumental Neutron activation analysis,nfrerebeau|philippe-a,https://codeberg.org/tesselle/nexus,Codeberg,https://CRAN.R-project.org/package=nexus,CRAN,10.5281/zenodo.10225630,,https://packages.tesselle.org/nexus/,,,,https://archive.org/details/github.com-tesselle-nexus_-_2021-05-24_16-02-18,
13bafb,transmissionbias,https://open-archaeo.info/post/transmissionbias/,TransmissionBias,"Includes an agent-based model (ABM) of cultural transmission that simulates the three main forms of transmission bias: content bias, frequency bias, and demonstrator bias.",Packages and libraries,R,language,Simulation|Cultural evolution,masonyoungblood,https://github.com/masonyoungblood/TransmissionBias,GitHub,,,,,,,,,https://archive.org/details/github.com-masonyoungblood-TransmissionBias_-_2021-07-01_11-24-26,
e838ed,skeletal-sex-estimation,https://open-archaeo.info/post/skeletal-sex-estimation/,skeletal-sex-estimation,A GNU Octave function for skeletal sex estimation.,Scripts,MATLAB,language,Biological anthropology|Zooarchaeology,pr0m1th3as,https://github.com/pr0m1th3as/skeletal-sex-estimation,GitHub,,,,,,,,,https://archive.org/details/github.com-pr0m1th3as-skeletal-sex-estimation_-_2020-07-15_16-36-11,
23d624,long-bone-diaphyseal-csg-toolkit,https://open-archaeo.info/post/long-bone-diaphyseal-csg-toolkit/,long-bone-diaphyseal-CSG-Toolkit,A GNU Octave toolkit for analyzing diaphyseal long bone cross sectional geometry.,Scripts,MATLAB,language,Biological anthropology|Zooarchaeology,pr0m1th3as,https://github.com/pr0m1th3as/long-bone-diaphyseal-CSG-Toolkit,GitHub,,,,,,,,,https://archive.org/details/github.com-pr0m1th3as-long-bone-diaphyseal-CSG-Toolkit_-_2021-04-18_01-42-07,
652808,osteometric-sorting,https://open-archaeo.info/post/osteometric-sorting/,osteometric-sorting,Tools for osteometric sorting of human remains.,Scripts,MATLAB,language,Biological anthropology|Zooarchaeology,pr0m1th3as,https://github.com/pr0m1th3as/osteometric-sorting,GitHub,,,,,,,,,https://archive.org/details/github.com-pr0m1th3as-osteometric-sorting_-_2020-05-09_00-52-46,
cf734f,skullanalyzer,https://open-archaeo.info/post/skullanalyzer/,skullanalyzer,A concrete way of extracting cranial mophometric features.,Scripts,MATLAB,language,Biological anthropology|Zooarchaeology,pr0m1th3as,https://github.com/pr0m1th3as/skullanalyzer,GitHub,,,,,,,,,https://archive.org/details/github.com-pr0m1th3as-skullanalyzer_-_2020-04-13_19-57-16,
71bfd0,cranial-sex-estimation-code,https://open-archaeo.info/post/cranial-sex-estimation-code/,cranial-sex-estimation-code,Data analysis implementation for evaluating a novel sex estimation method based on skullanalyzer data.,Scripts,MATLAB,language,Biological anthropology|Zooarchaeology,pr0m1th3as,https://github.com/pr0m1th3as/cranial-sex-estimation-code,GitHub,,,,,,,,,https://archive.org/details/github.com-pr0m1th3as-cranial-sex-estimation-code_-_2020-01-31_08-05-24,
742567,non-metric-trait-analysis,https://open-archaeo.info/post/non-metric-trait-analysis/,non-metric-trait-analysis,A set of GNU Octave functions for biodistance analysis based on non-metric traits.,Scripts,MATLAB,language,Biological anthropology|Zooarchaeology,pr0m1th3as,https://github.com/pr0m1th3as/non-metric-trait-analysis,GitHub,,,,,,,,,https://archive.org/details/github.com-pr0m1th3as-non-metric-trait-analysis_-_2018-03-08_14-05-12,
6b0b33,p2pperm,https://open-archaeo.info/post/p2pperm/,p2pPerm,A function for retrieving metrics for resistance-resilience from rcarbon permTest objects.,Scripts,R,language,"Radiocarbon dating, calibration and sequencing|Statistical analysis",philriris,https://github.com/philriris/p2pPerm,GitHub,,,,,,,,,https://archive.org/details/github.com-philriris-p2pPerm_-_2021-07-02_10-58-34,
dc92d8,near-presence-analysis,https://open-archaeo.info/post/near-presence-analysis/,Near-Presence-Analysis,R script for analyzing presence/absence data in irregularly distributed archaeological survey units.,Scripts,R,language,Statistical analysis|Spatial analysis,eweaverdyck,https://github.com/eweaverdyck/Near-Presence-Analysis,GitHub,,,,,,,,,https://archive.org/details/github.com-eweaverdyck-Near-Presence-Analysis_-_2021-06-11_19-30-34,
e0c120,arothron,https://open-archaeo.info/post/arothron/,Arothron,"Tools of Virtual Anthropology to build virtual cavities as endocasts, to align two disarticulated models belonging to the same specimen, and functions to import and export format files into another format.",Packages and libraries,R,language,Biological anthropology|Zooarchaeology|Shape recognition|3D modelling,Arothron,https://github.com/AProfico/Arothron,GitHub,,,,,,,,,https://archive.org/details/github.com-AProfico-Arothron_-_2019-04-26_10-53-43,
87f130,csgr,https://open-archaeo.info/post/csgr/,CSGR,"Extracts and calculates from long bone cross sections, cortical thickness maps, and biomechanically pertinent cross-sectional geometric properties.",Scripts,R,language,Biological anthropology|Zooarchaeology|Shape recognition|3D modelling,Arothron,https://github.com/Arothron/CSGR,GitHub,,,,,,,,,https://archive.org/details/github.com-Arothron-CSGR_-_2018-09-12_11-05-11,
55b790,kriging,https://open-archaeo.info/post/kriging/,kriging,Codes for performing kriging for ethnographic and archaeological data.,Scripts,R,language,Statistical analysis,cl379,https://github.com/cl379/kriging,GitHub,,,,,,,,,https://archive.org/details/github.com-cl379-kriging_-_2015-05-04_10-58-32,
9f0a9f,geostat,https://open-archaeo.info/post/geostat/,Geostat,Code for Geostatistics in ethnographic contexts.,Scripts,R,language,Statistical analysis|Spatial analysis,cl379,https://github.com/cl379/Geostat,GitHub,,,,,,,,,https://archive.org/details/github.com-cl379-Geostat_-_2014-11-10_16-24-57,
b315d7,spdates,https://open-archaeo.info/post/spdates/,spDates,Analysis of spatial gradients in radiocarbon dates.,Packages and libraries,R,language,"Radiocarbon dating, calibration and sequencing|Spatial analysis|Statistical analysis",jgregoriods,https://github.com/jgregoriods/spDates,GitHub,,,,,,,,,https://archive.org/details/github.com-jgregoriods-spDates_-_2021-06-16_08-03-29,
039166,katun,https://open-archaeo.info/post/katun/,katun,Tools for converting between Maya and Western calendars.,Standalone software,,,Chronological modelling,jgregoriods,https://github.com/jgregoriods/katun,GitHub,,,,,https://jgregoriods.github.io/katun/,,,,https://archive.org/details/github.com-jgregoriods-katun_-_2021-05-27_03-02-18,
a9b0fa,maya-calendar,https://open-archaeo.info/post/maya-calendar/,maya-calendar,Tools for converting between Maya and Western calendars.,Standalone software,,,Chronological modelling,jgregoriods,https://github.com/jgregoriods/maya-calendar,GitHub,,,,,https://jgregoriods.github.io/maya-calendar/dist/,,,,https://archive.org/details/github.com-jgregoriods-maya-calendar_-_2021-05-27_02-40-14,
b82653,chronochrt,https://open-archaeo.info/post/chronochrt/,chronochrt,Building chronological charts easily with R.,Packages and libraries,R,language,Chronological modelling,roset,https://gitlab.com/roset/chronochrt,GitLab,https://CRAN.R-project.org/package=chronochrt,CRAN,,,,,,,,
ca88a6,arbodat,https://open-archaeo.info/post/arbodat/,ArboDat,A program package for registering and importing data of archaeobotanical analyses including contexts of samples as well as evaluation tools.,Standalone software,,,Palaeobotany|Data management,Angela Kreuz,,,,,,,https://nihk.de/en/research/current-projects/arbodat-ape,,,,,
74852f,xronos,https://open-archaeo.info/post/xronos/,xronos.R,"A worldwide database of chronological information from archaeological contexts, including radiocarbon and dendrochronological data.",Packages and libraries,R,language,"Radiocarbon dating, calibration and sequencing|Datasets",xronos-ch,https://github.com/xronos-ch/xronos.R,GitHub,,,,,https://xronos.ch,,,,,
f1159e,archaeological-catalogue-from-csv-spreadsheet,https://open-archaeo.info/post/archaeological-catalogue-from-csv-spreadsheet/,Archaeological_Catalogue_from_CSV_Spreadsheet,A template to create an archaeological catalogue from a spreadsheet using the LaTeX csvsimple package.,Scripts,LaTeX,language,Writing|Templates,latex-ninja,https://github.com/latex-ninja/Archaeological_Catalogue_from_CSV_Spreadsheet,GitHub,,,,,,https://latex-ninja.com/2021/07/16/latex-for-archaeologists-an-archaeological-catalogue-from-a-spreadsheet/,,,,
adaf1b,intcal,https://open-archaeo.info/post/intcal/,IntCal,"The IntCal20 radiocarbon calibration curves are provided here in a single data package, together with previous IntCal curves and postbomb curves.",Packages and libraries,R,language,"Radiocarbon dating, calibration and sequencing",Maarten14C,https://github.com/Maarten14C/IntCal,GitHub,https://CRAN.R-project.org/package=IntCal,CRAN,,,,,,,,
5f2abc,scem,https://open-archaeo.info/post/scem/,SCEM,Performs the Splitting-Coalescence-Estimation Method to model birth seasonality in studies of herd animals.,Packages and libraries,R,language,Zooarchaeology|Stable isotope analysis,kserkcho|Hannah Chazin|Soudeep Deb|Joshua Falk|Arun Srinivasan,https://github.com/kserkcho/SCEM,GitHub,https://CRAN.R-project.org/package=SCEM,CRAN,,,,,,,,
38c9e3,marbleplan,https://open-archaeo.info/post/marbleplan/,marbleplan,Loading a Marble Plan fragment.,Standalone software,,,3D modelling|Educational resources and practical guides,rybesh,https://github.com/rybesh/marbleplan,GitHub,,,,,http://rybesh.github.io/marbleplan/,,,,,
c82170,uniformprobabilitydensityanalysis,https://open-archaeo.info/post/uniformprobabilitydensityanalysis/,UniformProbabilityDensityAnalysis,R implementation of the Uniform Probability Density Analysis approach,Packages and libraries,R,language,Statistical analysis|Spatial analysis,mpeeples2008,https://github.com/mpeeples2008/UniformProbabilityDensityAnalysis,GitHub,,,,,,,,,,
797d72,charcoalhearths,https://open-archaeo.info/post/charcoalhearths/,charcoalhearths,Work with geotifs to detect charcoal hearths,Packages and libraries,Python,language,Aerial and satellite imagery|Shape recognition,jeffblackadar,https://github.com/jeffblackadar/charcoalhearths,GitHub,,,,,,,,,,
3e3d3f,p3k14c-data-scrubbing,https://open-archaeo.info/post/p3k14c-data-scrubbing/,p3k14c-data-scrubbing,Scrubbing program for the global archaeological radiocarbon dataset,Packages and libraries,Python,language,"Radiocarbon dating, calibration and sequencing|Data management",people3k,https://github.com/people3k/p3k14c-data-scrubbing,GitHub,,,,,,,,,,
5d026e,rock-art-transfer-learning,https://open-archaeo.info/post/rock-art-transfer-learning/,rock-art-transfer-learning,Reconstructing rock art chronology with transfer learning,Packages and libraries,Python,language,Shape recognition|Chronological modelling|Iconography,keeeal,https://github.com/keeeal/rock-art-transfer-learning,GitHub,,,,,,,,,,
79c05f,uthwigl,https://open-archaeo.info/post/uthwigl/,UThwigl,Compute closed- and open-system uranium-thorium (U-Th) ages of geological and archaeological samples.,Packages and libraries,R,language,Stable isotope analysis|Chronological modelling,tonydoss,https://github.com/tonydoss/UThwigl,GitHub,,,,,,,,,,
ec9989,totalopenstationtoqgis,https://open-archaeo.info/post/totalopenstationtoqgis/,totalopenstationToQgis,A plugin to connect with totalopenstation software developed as part of the IOSA project.,Packages and libraries,QGIS,host application,Drivers and IO|Spatial analysis,enzococca,https://github.com/enzococca/totalopenstationToQgis,GitHub,,,,,,,,,,
1e0423,globalid-app,https://open-archaeo.info/post/globalid-app/,GlobaLID-App,The GlobaLID web app,Standalone software,,,Datasets|Stable isotope analysis|Diagrams and visualizations,archmetalDBM,https://github.com/archmetalDBM/GlobaLID-App,GitHub,,,,,https://globalid.dmt-lb.de/,,,,,
09f20e,clam,https://open-archaeo.info/post/clam/,clam,A package for classical age-depth modelling of cores from deposits.,Packages and libraries,R,language,Chronological modelling|Geophysical survey,Maarten14C,https://github.com/Maarten14C/clam,GitHub,,,,,,,,,,
37290d,coffee,https://open-archaeo.info/post/coffee/,coffee,Uses Bayesian methods to enforce the chronological ordering of radiocarbon and other dates.,Packages and libraries,R,language,"Chronological modelling|Radiocarbon dating, calibration and sequencing",Maarten14C,https://github.com/Maarten14C/coffee,GitHub,,,,,,,,,,
e1dadc,rbacon,https://open-archaeo.info/post/rbacon/,rbacon,"A package for Bayesian age-depth modelling of sediment cores, constrained by prior information on sedimentation rates and their variability.",Packages and libraries,R,language,"Chronological modelling|Radiocarbon dating, calibration and sequencing",Maarten14C,https://github.com/Maarten14C/rbacon,GitHub,https://CRAN.R-project.org/package=rbacon,CRAN,,,,,,,,
a050c0,pollencount,https://open-archaeo.info/post/pollencount/,pollencount,"This simulation tool aims to help students and researchers to start to see what pollen looks like under the microscope, and start to identify common pollen grains.",Packages and libraries,R,language,Palaeobotany|Educational resources and practical guides,Maarten14C,https://github.com/Maarten14C/pollencount,GitHub,,,,,,,,,,
414271,openlidartoolbox,https://open-archaeo.info/post/openlidartoolbox/,OpenLidarToolbox,A QGIS plug-in that provides one-step-processing of airborne LiDAR data from point cloud to LiDAR visualisations.,Packages and libraries,QGIS,host application,LiDAR|Aerial and satellite imagery|Drivers and IO,stefaneichert,https://github.com/stefaneichert/OpenLidarToolbox,GitHub,,,,,,,,,,
143eb9,pxrf,https://open-archaeo.info/post/pxrf/,pXRF,R package for processing pXRF data.,Packages and libraries,R,language,X-Ray Fluorescence,MartinHinz,https://github.com/MartinHinz/pXRF,GitHub,,,,,,,,,,
403337,nearpresence,https://open-archaeo.info/post/nearpresence/,nearpresence,"Implements Near Presence Cluster Analysis, a statistical method for identifying spatial clustering within presence / absence data observed in irregularly distributed areal observation units.",Packages and libraries,R,language,Statistical analysis|Spatial analysis,eweaverdyck,https://github.com/eweaverdyck/nearpresence,GitHub,,,,,,,,,,
1d0313,dacord,https://open-archaeo.info/post/dacord/,DACORD,Computer-Assisted Drawing of Archaeological Pottery.,Scripts,R,language,Shape recognition|Artefact morphology|Ceramic analysis,jwilczek-dotcom,https://github.com/jwilczek-dotcom/DACORD,GitHub,,,,,,,,,,
4f99b3,racord,https://open-archaeo.info/post/racord/,RACORD,Computer-Assisted Shape Classification of Archaeological Pottery Fragments.,Scripts,R,language,Shape recognition|Artefact morphology|Ceramic analysis,jwilczek-dotcom,https://github.com/jwilczek-dotcom/RACORD,GitHub,,,,,,,,,,
dfb4a7,dplr,https://open-archaeo.info/post/dplr/,dplR,"Perform tree-ring analyses such as detrending, chronology building, and crossdating.",Packages and libraries,R,language,Dendrochronology|Chronological modelling,AndyBunn,https://github.com/AndyBunn/dplR,GitHub,,,,,,,,,,
ef534f,xdater,https://open-archaeo.info/post/xdater/,xDateR,Shiny app for interactive crossdating of tree-ring data.,Packages and libraries,R,language,Dendrochronology|Chronological modelling,AndyBunn,https://github.com/AndyBunn/xDateR,GitHub,,,,,,,,,,
39d5ae,kidstats,https://open-archaeo.info/post/kidstats/,kidstats,Shiny application that provides subadult age estimations based on dental and skeletal development and skeletal diaphyseal metrics using pre-optimized mixed cumulative probit models.,Scripts,R,language,Biological anthropology,ElaineYChu,https://github.com/ElaineYChu/kidstats,GitHub,,,,,,,,,,
ad12f6,trauma,https://open-archaeo.info/post/trauma/,tRauma,Interactive graphical user interface to aid in the interpretation of blunt-force rib trauma in forensic anthropology casework.,Scripts,R,language,Biological anthropology,ElaineYChu,https://github.com/ElaineYChu/tRauma,GitHub,,,,,,,,,,
970c93,pypofatu,https://open-archaeo.info/post/pypofatu/,pypofatu,A python package to curate Pofatu data.,Packages and libraries,Python,language,Drivers and IO|Geoarchaeology|Datasets,pofatu,https://github.com/pofatu/pypofatu,GitHub,,,,,,,,,,
711da6,pygeoroc,https://open-archaeo.info/post/pygeoroc/,pygeoroc,Python library to access data in the GEOROC database.,Packages and libraries,Python,language,Drivers and IO|Geoarchaeology|Datasets,potafu,https://github.com/pofatu/pygeoroc,GitHub,,,,,,,,,,
21cac6,open-history-map,https://open-archaeo.info/post/open-history-map/,Open History Map,A web-GIS platform containing spatial historical and archaeological data.,Standalone software,,,Site mapping|Public archaeology,openhistorymap,https://github.com/openhistorymap,GitHub,,,,,http://www.openhistorymap.org/,,,,,
c35dc1,hsv-api,https://open-archaeo.info/post/hsv-api/,hsv-api,Historical Street View API,Standalone software,,,Site mapping|Public archaeology|Drivers and IO,openhistorymap,https://github.com/openhistorymap/hsv-api,GitHub,,,,,https://visions.ofthepast.org/,,,,,
8017cb,mask-uav,https://open-archaeo.info/post/mask-uav/,Mask_UAV,"Software to annotate, train, using deep learning, and segment imagery data from UAVs or other platforms.",Packages and libraries,Python,language,Site mapping|Aerial and satellite imagery|Drones,maltaweel,https://github.com/maltaweel/Mask_UAV,GitHub,,,,,,,,,,
f2f7fa,sexest,https://open-archaeo.info/post/sexest/,SexEst,Uses machine learning models to predict the Sex of unknown skeletons based on their cranial and postcranial measurements.,Packages and libraries,Python,language,Biological anthropology|Shape recognition,cconsta1,https://github.com/cconsta1/SexEst,GitHub,,,,,,,,,,
7e3258,web-geochemistry,https://open-archaeo.info/post/web-geochemistry/,web_geochemistry,Visualizing XRF and NAA geochemistry concentrations.,Packages and libraries,R,language,X-Ray Fluorescence|Instrumental Neutron activation analysis,arf-berkeley,https://github.com/arf-berkeley/web_geochemistry,GitHub,,,,,,,,,,
78afae,ithaca,https://open-archaeo.info/post/ithaca/,ithaca,Restoring and attributing ancient texts using deep neural networks.,Packages and libraries,Python,language,Literary analysis and epigraphy|Shape recognition,deepmind,https://github.com/deepmind/ithaca,GitHub,,,,,,,,,,
b58272,archchron,https://open-archaeo.info/post/archchron/,archchron,For handling archaeological chronological data.,Packages and libraries,R,language,Chronological modelling,oliver.nakoinz,https://gitlab.com/oliver.nakoinz/archchron,GitLab,,,,,,,,,,
ff217a,c14-date-extractor,https://open-archaeo.info/post/c14-date-extractor/,c14-date-extractor,Script for extracting c14 dates from text.,Scripts,,,"Bits and bobs|Radiocarbon dating, calibration and sequencing|Writing",alexbrandsen,https://github.com/alexbrandsen/c14-date-extractor,GitHub,,,,,,,,,,
399062,joint-disease-tool,https://open-archaeo.info/post/joint-disease-tool/,joint-disease-tool,"Interactively guides the user through a number of questions, ending in a specific pathology diagnosis.",Packages and libraries,,,Biological anthropology,alexbrandsen,https://github.com/alexbrandsen/joint-disease-tool,GitHub,,,,,,,,,,
5d0215,pdf-to-nested-xml,https://open-archaeo.info/post/pdf-to-nested-xml/,pdf-to-nested-xml,"Script to convert a folder of Dutch archaeological reports (PDFs) to XML files nested by section, chapter, heading.",Scripts,Python,language,Bits and bobs|Writing,alexbrandsen,https://github.com/alexbrandsen/pdf-to-nested-xml,GitHub,,,,,,,,,,
3bea01,archaeo-crf,https://open-archaeo.info/post/archaeo-crf/,archaeo-CRF,Conditional Random Fields model for NER in Dutch Archaeology.,Packages and libraries,Python,language,Machine learning|Schemas and ontologies,alexbrandsen,https://github.com/alexbrandsen/archaeo-CRF,GitHub,,,,,,,,,,
caea30,chronup,https://open-archaeo.info/post/chronup/,chronup,Tools for chronological uncertainty propagation.,Packages and libraries,R,language,Chronological modelling|Statistical analysis,wccarleton,https://github.com/wccarleton/chronup,GitHub,,,,,,,,,,
180534,recmod,https://open-archaeo.info/post/recmod/,recmod,Tools for estimating parameters for Radiocarbon-dated Event Count (REC) Models.,Packages and libraries,R,language,"Chronological modelling|Radiocarbon dating, calibration and sequencing",wccarleton,https://github.com/wccarleton/recmod,GitHub,,,,,,,,,,
7eacdd,timeperiod2daterange,https://open-archaeo.info/post/timeperiod2daterange/,timeperiod2daterange,Converts time period entities to standardised date ranges.,Scripts,Python,language,Chronological modelling|Bits and bobs,alexbrandsen,https://github.com/alexbrandsen/timeperiod2daterange,GitHub,,,,,,,,,,
0e104a,fellingdater,https://open-archaeo.info/post/fellingdater/,fellingDateR,Compute and combine felling date estimates for historical tree-ring series with (incomplete) sapwood.,Packages and libraries,R,language,Chronological modelling|Dendrochronology,hanecakr,https://github.com/hanecakr/fellingDateR,GitHub,,,,,,,,,,
8d4f6c,rock-art-radnet,https://open-archaeo.info/post/rock-art-radnet/,rock-art-radnet,Rock art object detection model.,Packages and libraries,Python,language,Shape recognition|Iconography,Swedish-Rock-Art-Research-Archives,https://github.com/Swedish-Rock-Art-Research-Archives/rock-art-radnet,GitHub,,,,,,,,,,
968b29,rock-art-ratopoviz,https://open-archaeo.info/post/rock-art-ratopoviz/,rock-art-ratopoviz,Create visualizations from laserscans.,Packages and libraries,Python,language,Shape recognition|Iconography,Swedish-Rock-Art-Research-Archives,https://github.com/Swedish-Rock-Art-Research-Archives/rock-art-ratopoviz,GitHub,,,,,,,,,,
73dc55,anthrofun,https://open-archaeo.info/post/anthrofun/,anthroFun,Functions to help with the preprocessing steps in anthropological research.,Scripts,R,language,Bits and bobs,ElaineYChu,https://github.com/ElaineYChu/anthroFun,GitHub,,,,,,,,,,
0ed54f,arches-via-docker,https://open-archaeo.info/post/arches-via-docker/,arches-via-docker,Deployment of Arches via Docker for archaeology and related instruction.,Standalone software,,,Drivers and IO,opencontext,https://github.com/opencontext/arches-via-docker,GitHub,,,,,,,,,,
daa8c0,shootpoints-web,https://open-archaeo.info/post/shootpoints-web/,ShootPoints-Web,A set of programs for total station surveying.,Standalone software,Python,language,Site mapping|Data collection,Lugal-PCZ,https://github.com/Lugal-PCZ/ShootPoints-Web,GitHub,,,,,http://shootpoints.io/,,https://www.youtube.com/watch?v=kiFEff1Kne4,,,
655002,quantatools,https://open-archaeo.info/post/quantatools/,quantatools,Finding quantum in archaeological data using cosine quantogram and related statistical methods.,Packages and libraries,R,language,Statistical analysis,maciejkasinski,https://github.com/maciejkasinski/quantatools,GitHub,,,10.5281/zenodo.2566606.svg,,,,,,,
b24bfe,bradypus,https://open-archaeo.info/post/bradypus/,BraDypUS,"Creating, impementing and publishing relational databases on the Web, especially for the archaeolgical domain.",Standalone software,,,Data management,lab-archeologia-digitale,https://github.com/lab-archeologia-digitale/BraDypUS,GitHub,,,10.5281/zenodo.5577979.svg,,,,,,,
21eb18,archaeoastroinsight,https://open-archaeo.info/post/archaeoastroinsight/,ArchaeoAstroInsight,"QGIS Python script/plugin for computing azimuth, horizon altitude, and celestial declination of a specific bearing indicated by a line segment selected by a user.",Packages and libraries,QGIS,host application,Spatial analysis|Archaeoastronomy,marcfrincu,https://github.com/marcfrincu/ArchaeoAstroInsight,GitHub,,,,,,,,,,
33f422,pleistodist,https://open-archaeo.info/post/pleistodist/,PleistoDist,Distance matrices between islands normalised over Pleistocene time.,Packages and libraries,ArcGIS,host application,Spatial analysis,g33k5p34k,https://github.com/g33k5p34k/PleistoDist,GitHub,,,,,,,,,,
d6593e,pleistodistr,https://open-archaeo.info/post/pleistodistr/,PleistoDistR,Distance matrices between islands normalised over Pleistocene time. A complete ground-up rebuild of PleistoDist for use with R.,Packages and libraries,R,language,Spatial analysis,g33k5p34k,https://github.com/g33k5p34k/PleistoDistR,GitHub,,,,,,,,,,
52b226,bioarch-r,https://open-archaeo.info/post/bioarch-r/,BioArch_R,Apps and functions for use in Bioarchaeology,Packages and libraries,R,language,Biological anthropology,AlisJay,https://github.com/AlisJay/BioArch_R,GitHub,,,,,,,,,,
bf55a7,bioprofile,https://open-archaeo.info/post/bioprofile/,BioProfile,A shiny app which uses the results of standard osteological methods to create a basic biological profile,Packages and libraries,R,language,Biological anthropology,AlisJay,https://github.com/AlisJay/BioProfile,GitHub,,,,,https://alisjay.shinyapps.io/BioProfile,,,,,
18a657,tpq-composer,https://open-archaeo.info/post/tpq-composer/,TPQ-Composer,Utility for graphically displaying a set of termini post quem induced from stratified archaeological artifacts.,Packages and libraries,Python,language,Chronological modelling,Eythan31,https://github.com/Eythan31/TPQ-Composer,GitHub,,,,,,,,,,
c64d11,artifacts-analyzer,https://open-archaeo.info/post/artifacts-analyzer/,Artifacts-Analyzer,Python script for analyzing data sets of archaeological artifacts containing only Boolean and categorical variables.,Packages and libraries,Python,language,Statistical analysis,Eythan31,https://github.com/Eythan31/Artifacts-Analyzer,GitHub,,,,,,,,,,
13e033,chronolog,https://open-archaeo.info/post/chronolog/,ChronoLog,A tool for computer-assisted chronological research.,Standalone software,,,Chronological modelling,Eythan Levy|Frédéric Pluquet|Gilles Geeraerts,,,,,10.1016/j.jas.2020.105225,,https://chrono.ulb.be/,,,,,
4805e1,digss,https://open-archaeo.info/post/digss/,DIGSS,"A simulation tool to estimate the rate of success that surveys possessing user-specific characteristics have in identifying archaeological sites (or any groups of clouds of objects), given specific parameters of survey area, survey methods, and site properties.",Packages and libraries,R,language,Simulation|Statistical analysis,markhubbe,https://github.com/markhubbe/DIGSS,GitHub,https://CRAN.R-project.org/package=DIGSS,CRAN,,,,,,,,
a749d1,archaeosrp,https://open-archaeo.info/post/archaeosrp/,archaeosrp,Read PDFs with archaeological site report information and return the information in the forms as a dataframe.,Packages and libraries,R,language,Writing,seanbergin,https://github.com/seanbergin/archaeosrp,GitHub,,,,,,,,,,
34aa15,ancient-artifacts,https://open-archaeo.info/post/ancient-artifacts/,ancient-artifacts,Dynamic image analysis to identify ancient artifacts in soil samples.,Packages and libraries,R,language,Shape recognition|Spatial analysis,vanderbilt-data-science,https://github.com/vanderbilt-data-science/ancient-artifacts,GitHub,,,,,,,,,,
d932d6,roev,https://open-archaeo.info/post/roev/,roev,Functions for analysing and visualizing rates of evolution.,Packages and libraries,R,language,Statistical analysis,benmarwick,https://github.com/benmarwick/roev,GitHub,,,,,,,,,,
dcd82c,aoristic-analysis,https://open-archaeo.info/post/aoristic-analysis/,aoristic-analysis,Estimate probabilities of find numbers per period.,Packages and libraries,Python,language,Statistical analysis,LimesLimits,https://github.com/LimesLimits/aoristic-analysis,GitHub,,,10.1016/j.jasrep.2016.10.006,,,,,,,
e50a0f,seahors,https://open-archaeo.info/post/seahors/,SEAHORS,R Shiny application that allows easy and quick exploration of the spatial distribution of archaeological objects.,Packages and libraries,R,language,Spatial analysis,AurelienRoyer,https://github.com/AurelienRoyer/SEAHORS,GitHub,,,,,,,,,,
367fc2,shoredate,https://open-archaeo.info/post/shoredate/,shoredate,Offers methods to shoreline date Stone Age sites located along the Norwegian Skagerrak coast based on their present-day elevation and the trajectory of past relative sea-level change.,Packages and libraries,R,language,Spatial analysis|Chronological modelling,isakro,https://github.com/isakro/shoredate,GitHub,https://CRAN.R-project.org/package=shoredate,CRAN,,,,,,,,
95a02d,civ5-prehistoric,https://open-archaeo.info/post/civ5-prehistoric/,civ5-prehistoric,"Extends the game back millions years and multiple eras into the days when ""man"" first descended from the trees!",Standalone software,,,Games,carlosfhernandez,https://github.com/carlosfhernandez/civ5-prehistoric,GitHub,,,,,https://github.com/carlosfhernandez/civ5-prehistoric/wiki/,,,,,
c09a33,archeoviz,https://open-archaeo.info/post/archeoviz/,archeoViz,"A packaged R 'Shiny' application for the visualisation, interactive exploration, and web communication of archaeological spatial data.",Packages and libraries,R,language,Diagrams and visualizations|Spatial analysis|Site mapping,sebastien-plutniak,https://github.com/sebastien-plutniak/archeoviz,GitHub,https://CRAN.R-project.org/package=archeoViz,CRAN,10.5281/zenodo.7460193,,https://analytics.huma-num.fr/archeoviz/home/,,,,,
1eea7e,excavation-data-viewer,https://open-archaeo.info/post/excavation-data-viewer/,Excavation_data_viewer,R Shiny app for viewing archaeological excavation data in 3D.,Packages and libraries,R,language,Data management|3D modelling,samclin,https://github.com/samclin/Excavation_data_viewer,GitHub,,,,,,,,,,
df8b07,archaeology-lili0824,https://open-archaeo.info/post/archaeology-lili0824/,ARchaeology,View the AR models on your phone.,Standalone software,,,3D modelling|Augmented reality|Site mapping,lili0824,https://github.com/lili0824/ARchaeology,GitHub,,,,,,,,,,
f676b7,stoneadvisor,https://open-archaeo.info/post/stoneadvisor/,StoneAdvisor,Explore and share your favourite archaeological sites and itineraries.,Standalone software,Python,language,Public archaeology|Museums,rbbristow,https://github.com/rbbristow/StoneAdvisor,GitHub,,,,,,,,,,
7436b4,3d-edgeangle,https://open-archaeo.info/post/3d-edgeangle/,3D_EdgeAngle,Semi-automated 3D digital method to systematically quantify stone tool edge angle and design.,Packages and libraries,Python,language,Artefact morphology|3D modelling,lschunk|Ivan Calandra|Konstantin Bob,https://github.com/lschunk/3D_EdgeAngle,GitHub,,,10.5281/zenodo.7956767,,,,,,,
ea0ba7,isopleuros,https://open-archaeo.info/post/isopleuros/,isopleuros,Ternary plots made simple.,Packages and libraries,R,language,Diagrams and visualizations,nfrerebeau,https://codeberg.org/tesselle/isopleuros,Codeberg,https://CRAN.R-project.org/package=isopleuros,CRAN,10.5281/zenodo.7940389,,https://packages.tesselle.org/isopleuros/,,,,,
ad1367,zooarchmixmod,https://open-archaeo.info/post/zooarchmixmod/,ZooarchMixMod,"Produce mixture models of zooarchaeological measurement data to estimate the proportion of immature, adult-sized female, and adult-sized male specimens in an assemblage.",Packages and libraries,R,language,Zooarchaeology,wolfhagenj,https://github.com/wolfhagenj/ZooarchMixMod,GitHub,,,10.1007/s10816-023-09611-y,,,,,,,
fdf7f8,archaeocal,https://open-archaeo.info/post/archaeocal/,ArchaeoCal,An R Interface to OxCal.,Packages and libraries,R,language,"Radiocarbon dating, calibration and sequencing",nfrerebeau,https://github.com/ArchaeoStat/ArchaeoCal,GitHub,,,,,https://archaeostat.github.io/ArchaeoCal/,,,,,
53db77,archaeodata,https://open-archaeo.info/post/archaeodata/,ArchaeoData,Models and data to reproduce results from ArchaeoPhases examples and vignettes.,Packages and libraries,R,language,"Radiocarbon dating, calibration and sequencing|Datasets",philippe-a|tsdye|nfrerebeau,https://github.com/ArchaeoStat/ArchaeoData,GitHub,,,,,https://archaeostat.github.io/ArchaeoData/,,,,,
5f424c,aion,https://open-archaeo.info/post/aion/,aion,Provides a system of classes and methods to represent and work with archaeological time-series (and time intervals).,Packages and libraries,R,language,Chronological modelling,nfrerebeau,https://codeberg.org/tesselle/aion,Codeberg,https://CRAN.R-project.org/package=aion,CRAN,10.5281/zenodo.8032278,https://doi.org/10.21105/joss.06210,https://packages.tesselle.org/aion/,,,,,
1a76ef,alkahest,https://open-archaeo.info/post/alkahest/,alkahest,Pre-processing XY data from experimental methods.,Packages and libraries,R,language,Statistical analysis,nfrerebeau,https://codeberg.org/tesselle/alkahest,Codeberg,https://CRAN.R-project.org/package=alkahest,CRAN,10.5281/zenodo.7081524,,https://packages.tesselle.org/alkahest/,,,,,
d8d5f8,akkademia,https://open-archaeo.info/post/akkademia/,Akkademia,"Translating Akkadian signs to transcriptions using NLP techniques such as HMM, MEMM and BiLSTM neural networks.",Packages and libraries,Python,language,Machine learning|Literary analysis and epigraphy,gaigutherz|arielazary|ARomach|ireman,https://github.com/gaigutherz/Akkademia,GitHub,,,,,,,,,,
a48c38,teethr,https://open-archaeo.info/post/teethr/,teethr,Calculate dental indices and lesion ratios.,Packages and libraries,R,language,Zooarchaeology,bbartholdy,https://github.com/bbartholdy/teethr,GitHub,,,,,,,,,,
2eb608,morphotype,https://open-archaeo.info/post/morphotype/,morphotype,Provide a pipeline from shape data extraction to typological arrangement of pottery profiles.,Packages and libraries,R,language,Artefact morphology|Shape recognition|Ceramic analysis,kafetzakid,https://github.com/kafetzakid/morphotype,GitHub,,,10.5281/zenodo.8224882,,,,,,,
c0aaa0,morphotypeshiny,https://open-archaeo.info/post/morphotypeshiny/,morphotypeShiny,Shiny implementation of morphotype.,Packages and libraries,R,language,Artefact morphology|Shape recognition,kafetzakid,https://github.com/kafetzakid/morphotypeShiny,GitHub,,,10.5281/zenodo.6760607,,,,,,,
289126,archeos,https://open-archaeo.info/post/archeos/,ArcheOS,Linux distribution with specialist software for archaeological purposes.,Standalone software,,,Drivers and IO|Bits and bobs,archeos,https://github.com/archeos/ArcheOS,GitHub,,,,,https://distrowatch.com/table.php?distribution=archeos,,,,,
587555,archeoshape,https://open-archaeo.info/post/archeoshape/,ArcheoShape,Analysis tools for geometric models of archaeological pieces.,Standalone software,,,Artefact morphology,omendoza83,https://github.com/omendoza83/ArcheoShape,GitHub,,,,,,,,,,
6d42f5,archaeolphytoliths,https://open-archaeo.info/post/archaeolphytoliths/,ArchaeolPhytoliths,Automated detection and classification of multi-cell phytoliths at genera and species-level using Deep Learning algorithm.,Packages and libraries,Python,language,Palaeobotany|Machine learning|Shape recognition,iberganzo,https://github.com/iberganzo/ArchaeolPhytoliths,GitHub,,,,,,,,,,
c5ce19,14c-power-sensitivity,https://open-archaeo.info/post/14c-power-sensitivity/,14C-power-sensitivity,How wrong is wrong and how good can it get? 14C chronological model power and sensitivity analyses with OxCal and R.,Packages and libraries,R,language,"Radiocarbon dating, calibration and sequencing",pete-jacobsson,https://github.com/pete-jacobsson/14C-power-sensitivity,GitHub,,,,,,,,,,
36ae82,edm,https://open-archaeo.info/post/edm/,EDM,Configurable data collection program for archaeological survey and excavation.,Packages and libraries,Python,language,Data collection|Data management,surf3s,https://github.com/surf3s/EDM,GitHub,,,,,,,,,,
e0dfee,edmwin,https://open-archaeo.info/post/edmwin/,EDMWIN,Configurable data collection program for archaeological survey and excavation.,Packages and libraries,Python,language,Data collection|Data management,surf3s,https://github.com/surf3s/EDMWIN,GitHub,,,,,,,,,,
ee172e,fabryka,https://open-archaeo.info/post/fabryka/,fabryka,Shiny app fabric analysis.,Scripts,R,language,Site mapping|Spatial analysis,marchaeologist,https://github.com/marchaeologist/fabryka,GitHub,,,,,,,,,,
2415f1,3d-spatial-ripley-analyses,https://open-archaeo.info/post/3d-spatial-ripley-analyses/,3d_spatial_ripley_analyses,Test spatial associations of objects in three dimensions by using the Ripley's K function.,Scripts,R,language,Site mapping|Spatial analysis,marchaeologist,https://github.com/marchaeologist/3d_spatial_ripley_analyses,GitHub,,,10.5281/zenodo.15236694,,,,,,,
f6e3fc,scroll-viewer,https://open-archaeo.info/post/scroll-viewer/,Scroll Viewer,Viewer for the Herculaneum Papyri segments.,Standalone software,,,Literary analysis and epigraphy|3D modelling,atiro,https://github.com/atiro/scroll-viewer,GitHub,,,,,,,,,,
a35572,mobest,https://open-archaeo.info/post/mobest/,mobest,"An R package that provides types and functions for spatiotemporal interpolation of human genetic ancestry components, probabilistic similarity search and the calculation of a derived measure for mobility estimation.",Packages and libraries,R,language,Archaeogenetics|Simulation,nevrome,https://github.com/nevrome/mobest,GitHub,,,,https://doi.org/10.1073/pnas.2218375120,https://nevrome.de/mobest/html/master/,,,,,
76b0f8,vici-org,https://open-archaeo.info/post/vici-org/,vici.org,"A community driven archaeological map of classical antiquity, inspired by and modelled after Wikipedia.",Standalone software,,,Public archaeology|Spatial analysis|Datasets,renevoorburg,https://github.com/renevoorburg/vici.org,GitHub,,,,,https://vici.org,,,,,
54198e,pastclim,https://open-archaeo.info/post/pastclim/,pastclim,Methods to easily extract and manipulate palaeoclimate reconstructions for ecological and anthropological analyses.,Packages and libraries,R,language,Simulation|Palaeoclimate modelling,EvolEcolGroup|Michela Leonardi|Emily Y. Hallet|Robert Beyer|Mario Krapp|Andrea Manica,https://github.com/EvolEcolGroup/pastclim/,GitHub,https://CRAN.R-project.org/package=pastclim,CRAN,,,https://evolecolgroup.github.io/pastclim/,,,,,
388f6a,currycarbon,https://open-archaeo.info/post/currycarbon/,currycarbon,App to run C14 calibration on the command line. Includes and is based on a calibration module written in and for Haskell.,Standalone software,,,"Radiocarbon dating, calibration and sequencing|Chronological modelling",nevrome,https://github.com/nevrome/currycarbon,GitHub,,,,,,,,,,
1dcba9,morphalr,https://open-archaeo.info/post/morphalr/,morphalr,Morphological analysis for archaeology.,Packages and libraries,R,language,Spatial analysis,JGravier,https://github.com/JGravier/morphalr,GitHub,,,,,https://jgravier.github.io/morphalr/,,,,,
111a42,extendedmatrix,https://open-archaeo.info/post/extendedmatrix/,ExtendedMatrix,A scientific method and formal language for the Cultural Heritage domain that formalises complex interpretative philological phenomena such as virtual reconstructive hypotheses in a transparent and robust manner.,Standalone software,,,Schemas and ontologies,zalmoxes-laran|Bruno Fanini|Enzo Cocca,https://github.com/zalmoxes-laran/ExtendedMatrix,GitHub,,,,https://doi.org/10.3390/heritage6020069,https://www.extendedmatrix.org/home,,,,,
cf37ff,3d-survey-collection,https://open-archaeo.info/post/3d-survey-collection/,3D-survey-collection,Blender addon that simplifies the tasks involved in the management and optimization of the archaeological and architectonic 3D record.,Packages and libraries,Blender,host application,3D modelling,zalmoxes-laran,https://github.com/zalmoxes-laran/3D-survey-collection,GitHub,,,,,,,,,,
b95090,em-blender-tools,https://open-archaeo.info/post/em-blender-tools/,EM-blender-tools,Addon that brings the formal language Extended Matrix within the Blender 3D open-source software.,Packages and libraries,Blender,host application,3D modelling,zalmoxes-laran,https://github.com/zalmoxes-laran/EM-blender-tools,GitHub,,,,,,,,,,
efa4ec,coccionceramica,https://open-archaeo.info/post/coccionceramica/,CoccionCeramica,An application to generate temperature curves during pottery firing.,Packages and libraries,Python,language,Ceramic analysis,marcelocardillo,https://github.com/marcelocardillo/CoccionCeramica,GitHub,,,,,,,,,,
ea75da,rockart-textanalysis,https://open-archaeo.info/post/rockart-textanalysis/,rockart-textanalysis,A text analysis program to explore online content about prehistoric rock art.,Packages and libraries,Python,language,Public archaeology|Machine learning,lakillo,https://github.com/lakillo/rockart-textanalysis,GitHub,,,,,,,,,,
00d66c,weedeco,https://open-archaeo.info/post/weedeco/,WeedEco,Classification of unknown cases (e.g. archaeobotanical data or other modern weed survey data) using linear discriminant analysis to understand farming regimes.,Packages and libraries,R,language,Palaeobotany,WeedEco,https://github.com/WeedEco/WeedEco,GitHub,,,,,,,,,,
443df7,croppro,https://open-archaeo.info/post/croppro/,CropPro,"Data organisation, classification and visualisation of archaeobotanical data to understand crop processing stage.",Packages and libraries,R,language,Palaeobotany|Data management,CropPro-package,https://github.com/CropPro-package/CropPro,GitHub,,,,,,,,,,
aab333,ruby-radiocarbon,https://open-archaeo.info/post/ruby-radiocarbon/,ruby-radiocarbon,Ruby gem for fast radiocarbon calibration.,Packages and libraries,Ruby,language,"Radiocarbon dating, calibration and sequencing",joeroe,https://github.com/joeroe/ruby-radiocarbon,GitHub,,,,,,,,,,
c3bd2b,dendronetwork,https://open-archaeo.info/post/dendronetwork/,dendroNetwork,Enables researchers to easily construct a network of dendrochronological series based on the similarity and find patterns of matching tree-ring material.,Packages and libraries,R,language,Dendrochronology|Chronological modelling,ropensci|RonaldVisser,https://github.com/ropensci/dendroNetwork/,GitHub,https://CRAN.R-project.org/package=dendroNetwork,CRAN,,,https://docs.ropensci.org/dendroNetwork/,,,,,
251be2,abma-tutorials,https://open-archaeo.info/post/abma-tutorials/,ABMA_tutorials,A set of interactive tutorials to build agent-based models and how to use them in your work as archaeologist. These tutorials are both suitable for beginners and people who want to brush up their modelling skills.,Standalone software,NetLogo,language,Educational resources and practical guides|Simulation,ABMArchaeologists|RonaldVisser|drocks13,https://github.com/ABMArchaeologists/ABMA_tutorials,GitHub,,,,,https://abmarchaeologists.github.io/ABMA_website/,,,,,"Need to add more author columns and revise the way these columns are parsed. Additional authors not currently represented include: Doug Rocks-Macqueen, Laura van der Knaap, Annemarie Jutte, , Ronald Visser, Jeroen Linssen, Tom Brughmans, Iza Romanowska, Kenneth Aitchison, Karsten Lambers."
fe3ab4,quantum-archeo,https://open-archaeo.info/post/quantum-archeo/,quantum-archeo,Set of quantitative tools for finding a common measurement unit (quantum) in archeological research.,Scripts,R,language,Statistical analysis,maciejkasinski,https://github.com/maciejkasinski/quantum-archeo,GitHub,,,,,,,,,,
d91f07,chrongler,https://open-archaeo.info/post/chrongler/,chrongler,"Provides convenience functions that are helpful for working with archaeological or historical data, where chronological information is stored as a period.",Packages and libraries,R,language,Chronological modelling|Data management,lsteinmann,https://github.com/lsteinmann/chrongler,GitHub,,,,,,,,,,
01b8e7,arqub,https://open-archaeo.info/post/arqub/,ARQUB,Scripts at the ARQUB group to work with compositional data on archaeometric studies.,Scripts,R,language,Statistical analysis,jbuxeda,https://github.com/jbuxeda/ARQUB,GitHub,,,,,,,,,,
bc1b31,mafa,https://open-archaeo.info/post/mafa/,mafa,"Computes morphological indices of spatial entities (e.g. parcels, buildings).",Packages and libraries,R,language,Spatial analysis,JGravier,https://github.com/JGravier/mafa,GitHub,,,,,https://jgravier.github.io/mafa/,,,,,
05364e,sitesyncro,https://open-archaeo.info/post/sitesyncro/,SiteSyncro,Site-specific chronological modeling and synchronization.,Packages and libraries,Python,language,"Chronological modelling|Radiocarbon dating, calibration and sequencing",demjanp,https://github.com/demjanp/SiteSyncro,GitHub,,,,https://doi.org/10.1017/RDC.2020.129,https://sitesyncro.readthedocs.io/en/latest/,,,,,
c7fcd5,baorista,https://open-archaeo.info/post/baorista/,baorista,Provides a Bayesian inferential tool for analysing time-frequencies of archaeological events associated with time spans typically obtained from relative chronological sequences (e.g. periods and phases).,Packages and libraries,R,language,Chronological modelling|Data management,ercrema,https://github.com/ercrema/baorista,GitHub,,,,https://doi.org/10.1111/arcm.12984,,,,,,
a92091,crom,https://open-archaeo.info/post/crom/,crom,Python library to make creation of CIDOC CRM easier by mapping classes/predicates to python objects.,Packages and libraries,Python,language,Schemas and ontologies,thegetty,https://github.com/thegetty/crom,GitHub,,,,,,,,,,
cd91f3,carbondate,https://open-archaeo.info/post/carbondate/,carbondate,R package to analyse multiple radiocarbon determinations.,Packages and libraries,R,language,"Radiocarbon dating, calibration and sequencing",TJHeaton|sara-amira-alassam,https://github.com/TJHeaton/carbondate,GitHub,https://CRAN.R-project.org/package=carbondate,CRAN,,https://doi.org/10.1111/rssc.12599,https://tjheaton.github.io/carbondate/,,,,,
f59dcc,rjradiocarbon,https://open-archaeo.info/post/rjradiocarbon/,RJradiocarbon,Radiocarbon calibration of multiple 14C samples using reversible jump poisson process.,Packages and libraries,R,language,"Radiocarbon dating, calibration and sequencing",sara-amira-alassam,https://github.com/sara-amira-alassam/RJradiocarbon,GitHub,,,,,,,,,,
db97ae,neonet,https://open-archaeo.info/post/neonet/,neonet,NeoNet serves as a framework to study the transition from the Late Mesolithic to the Early Neolithic through spatio-temporal modeling of radiocarbon dates,Packages and libraries,R,language,"Radiocarbon dating, calibration and sequencing",zoometh,https://github.com/zoometh/neonet,GitHub,,,,,,,,,,
f279f8,c14intervals,https://open-archaeo.info/post/c14intervals/,c14Intervals,R package for calculating probability intervals and point estimates for calibrated radiocarbon dates.,Packages and libraries,R,language,"Radiocarbon dating, calibration and sequencing",jallison7,https://github.com/jallison7/c14Intervals,GitHub,,,,,,,,,,
6350fb,surveyer,https://open-archaeo.info/post/surveyer/,SurveyeR,Uses a Dirichlet process to probabilistically assess the phase of undated archaeological assemblages.,Packages and libraries,R,language,Seriation,acortell3,https://github.com/acortell3/SurveyeR,GitHub,,,,,,,,,,
f5f13a,cran-jsdne,https://open-archaeo.info/post/cran-jsdne/,cran-JSDNE,JSDNE is an age estimation methods with 3D reconstructed auricular surface.,Packages and libraries,R,language,Artefact morphology,jisunjang19,https://github.com/jisunjang19/cran-JSDNE,GitHub,https://CRAN.R-project.org/package=JSDNE,CRAN,,https://doi.org/10.1016/j.jas.2024.106080,,,,,,
c7002c,eratosthenes,https://open-archaeo.info/post/eratosthenes/,eratosthenes,"Provides a coherent foundation for archaeological chronology-building by incorporating, computationally, all relevant sources of information on uncertain archaeological or historical dates.",Packages and libraries,R,language,Chronological modelling,scollinselliott,https://github.com/scollinselliott/eratosthenes,GitHub,,,,,,,,,,
911bb0,lakhesis,https://open-archaeo.info/post/lakhesis/,lakhesis,"Provides an interactive platform and critical measures for seriating binary data matrices through the exploration, selection, and consensus of partially seriated sequences.",Packages and libraries,R,language,Statistical analysis,scollinselliott,https://github.com/scollinselliott/lakhesis,GitHub,https://CRAN.R-project.org/package=lakhesis,CRAN,,,,,,,,
be53c8,archaeomag,https://open-archaeo.info/post/archaeomag/,ArchaeoMag,Program for the modelling of magnetic anomalies in archaeological research.,Standalone software,,,Geophysical survey,antonio-schettino,https://github.com/antonio-schettino/ArchaeoMag,GitHub,,,,https://doi.org/10.4430/bgta0296,,,,,,
b3ee1c,autarch,https://open-archaeo.info/post/autarch/,AutArch,An AI-assisted workflow capable of creating uniform archaeological datasets from heterogeneous published resources.,Standalone software,Python,language,Machine learning|Data management,kevin-klein,https://github.com/kevin-klein/AutArch,GitHub,,,,,,,,,,
3020b6,paleographic-networks,https://open-archaeo.info/post/paleographic-networks/,paleographic-networks,Explore networks consisting of paleographic features connected by their co-occurrence on the same inscription.,Packages and libraries,Python,language,Iconography,Eythan31,https://github.com/Eythan31/paleographic-networks,GitHub,,,,,,,,,,
b72a68,chronologr,https://open-archaeo.info/post/chronologr/,chronologr,R package for chronological graph modelling (port of ChronoLog).,Packages and libraries,R,language,Chronological modelling,joeroe,https://github.com/joeroe/chronologr,GitHub,,,,,,,,,,
c52425,carbonara-poc,https://open-archaeo.info/post/carbonara-poc/,carbonara_poc,A proof of concept for a potential bayesian sequential calibration software.,Packages and libraries,Python,language,"Chronological modelling|Radiocarbon dating, calibration and sequencing",MartinHinz,https://github.com/MartinHinz/carbonara_poc,GitHub,,,,,,,,,,
8d6546,tempo,https://open-archaeo.info/post/tempo/,tempo,Provides a formal representation of intervals between two points in time (periods) and the potential logical relations between them.,Packages and libraries,R,language,Chronological modelling,joeroe,https://github.com/joeroe/tempo,GitHub,,,,,,,,,,
d22b64,arqueologiasvg,https://open-archaeo.info/post/arqueologiasvg/,arqueologiaSVG,Displays SVG files of archaeological sites.,Standalone software,JavaScript,language,Site mapping|Diagrams and visualizations,weberjavi,https://github.com/weberjavi/arqueologiaSVG,GitHub,,,,,,,,,,
eef828,transect-calculator,https://open-archaeo.info/post/transect-calculator/,Transect-Calculator,"A simple script that outputs the number of transects, direction of each transect, and locations of the first sensor, centerline, and last sensor along the baseline of a rectangular survey unit.",Scripts,Python,language,Site mapping|Geophysical survey|Bits and bobs,Lugal-PCZ,https://github.com/Lugal-PCZ/Transect-Calculator,GitHub,,,,,,,,,,
eea061,photocaptiontool,https://open-archaeo.info/post/photocaptiontool/,PhotoCaptionTool,Automatically generates a photo log using photographs' exif data.,Scripts,Python,language,Photography|Data management|Bits and bobs,Lugal-PCZ,https://github.com/Lugal-PCZ/PhotoCaptionTool,GitHub,,,,,,,,,,
4e3b63,granulizer,https://open-archaeo.info/post/granulizer/,granulizeR,Shiny app for particle size distribution of lithic archaeological remains.,Standalone software,R,language,Geoarchaeology,marchaeologist,https://github.com/marchaeologist/granulizeR,GitHub,,,,,,,,,,
edfac4,osa-transcriber,https://open-archaeo.info/post/osa-transcriber/,OSA-Transcriber,Utility for transcribing Old South Arabian texts.,Standalone software,Python,language,Literary analysis and epigraphy,Lugal-PCZ,https://github.com/Lugal-PCZ/OSA-Transcriber,GitHub,,,,,,,,,,
f06676,happydigger,https://open-archaeo.info/post/happydigger/,happydigger,A program which you can be used for cataloging archaeological finds.,Standalone software,C,language,Data management,Joop Stakenborg,,,,,,,https://www.nongnu.org/happydigger/,,,,,
67484c,open-archeocsean,https://open-archaeo.info/post/open-archeocsean/,open-archeocsean,An interactive catalogue of open source datasets for the archaeology in the Pacific and Southeast Asia.,Standalone software,R,language,Datasets|Bibliography|Platforms and publications,sebastien-plutniak,https://github.com/sebastien-plutniak/open-archeocsean,GitHub,,,,,https://analytics.huma-num.fr/Sebastien.Plutniak/open-archeocsean/,,,,,
1286ad,crossref-predynastic,https://open-archaeo.info/post/crossref-predynastic/,crossref-predynastic,Web app that uses the Crossref API to fetch and display publications on Predynastic Egyptian Archaeology.,Standalone software,,,Datasets|Bibliography|Platforms and publications,watrall,https://github.com/watrall/crossref-predynastic,GitHub,,,,,https://watrall.github.io/crossref-predynastic/,,,,,
1d3f71,pypotterylens,https://open-archaeo.info/post/pypotterylens/,PyPotteryLens,"Provides a comprehensive suite of tools for processing, detecting, and analyzing pottery fragments from scanned documents.",Standalone software,Python,language,Artefact morphology|Shape recognition|Machine learning,lrncrd,https://github.com/lrncrd/PyPotteryLens,GitHub,,,,,,,,,,
aa7d94,pypotteryink,https://open-archaeo.info/post/pypotteryink/,PyPotteryInk,"Automates the digital inking process of archaeological pottery drawings, transforming pencil drawings into publication-ready illustrations while preserving the original characteristics and enhancing their analytical power.",Packages and libraries,Python,language,Artefact morphology|Diagrams and visualizations|Machine learning,lrncrd,https://github.com/lrncrd/PyPotteryInk,GitHub,,,,,,,,,,
dacb1e,cqarchaeo,https://open-archaeo.info/post/cqarchaeo/,CQArchaeo,Calculate and plot Kendall CQA results.,Packages and libraries,Python,language,Statistical analysis,lrncrd,https://github.com/lrncrd/CQArchaeo,GitHub,,,,,,,,,,
fde811,ceramatic2-0,https://open-archaeo.info/post/ceramatic2-0/,Ceramatic2.0,A computer vision tool designed to automate the documentation and analysis of archaeological pottery.,Packages and libraries,Python,language,Artefact morphology|Machine learning,lrncrd,https://github.com/lrncrd/Ceramatic2.0,GitHub,,,,https://doi.org/10.1016/j.daach.2025.e00435,,,,,,
e0b40c,archsv,https://open-archaeo.info/post/archsv/,ArchSV,Simplify the creation of volumes for discrete archaeological features.,Packages and libraries,Blender,host application,3D modelling|Site mapping,Benedict-Dyson,,,,,,,https://extensions.blender.org/approval-queue/archsv/,,,,,
0e90b8,hm-generator-site,https://open-archaeo.info/post/hm-generator-site/,hm-generator-site,A one-pager website meant to allow a person to interactively build a harris matrix.,Standalone software,Python,language,Harris matrix|Diagrams and visualizations,shawngraham,https://github.com/shawngraham/homecooked-history/tree/main/hm-generator-site,GitHub,,,,,https://shawngraham.github.io/homecooked-history/hm-generator-site/enhanced.html,https://electricarchaeology.ca/2025/07/11/a-harris-matrix-generator-natural-language-query-tool/,,,,
c7e68d,archio,https://open-archaeo.info/post/archio/,archio,Management tool for archaeologists.,Standalone software,Ruby,language,Data management,weberjavi,https://github.com/weberjavi/archio,GitHub,,,,,,,,,,
71d5d1,polychron,https://open-archaeo.info/post/polychron/,PolyChron,Analysis and archiving of archaeological dating evidence.,Standalone software,Python,language,Chronological modelling|Harris matrix,bryonymoody,https://github.com/bryonymoody/PolyChron,GitHub,,,,,https://bryonymoody.github.io/PolyChron/,,,,,
ea7dbf,arc-team-tools,https://open-archaeo.info/post/arc-team-tools/,Arc-Team-Tools,"A series of small, open-source applications for archaeology developed by Arc-Team.",Scripts,Python,language,Bits and bobs,lucaarcteam,https://github.com/lucaarcteam/Arc-Team-Tools,GitHub,,,,,,,,,,
bdef8b,hand-axes-database-downloader,https://open-archaeo.info/post/hand-axes-database-downloader/,hand_axes_database_downloader,A scraper for bulk downloading biface artifact records and images from the Archaeology Data Service for research and analysis.,Scripts,Python,language,Data management|Drivers and IO,jfpalomeque,https://github.com/jfpalomeque/hand_axes_database_downloader,GitHub,,,,10.5284/1000354,,,,,,
8da698,hand-axes-image-processing,https://open-archaeo.info/post/hand-axes-image-processing/,hand_axes_image_processing,An automaic pipeline to prepare and process image collections of archaeological artifacts for computer vision workflows.,Scripts,Python,language,3D modelling,jfpalomeque,https://github.com/jfpalomeque/hand_axes_image_processing,GitHub,,,,10.5284/1000354,,,,,,
6cf2ef,digging-with-python,https://open-archaeo.info/post/digging-with-python/,Digging-with-Python,"Showcases examples of how Python can be applied in the field of archaeology, demonstrating the versatility and power of Python for archaeological research and data analysis.",Scripts,Python,language,Educational resources and practical guides,jfpalomeque,https://github.com/jfpalomeque/Digging-with-Python,GitHub,,,,,,,,,,
5a7b2e,pandora,https://open-archaeo.info/post/pandora/,pandora,Analysing and distinguishing cut marks on bones.,Packages and libraries,R,language,Shape recognition|Biological anthropology,jfpalomeque,https://github.com/jfpalomeque/pandora,GitHub,,,,10.1016/j.jasrep.2017.03.033,,,,,,
80b195,cavesurvey,https://open-archaeo.info/post/cavesurvey/,CaveSurvey,Cave surveying application for Android devices.,Standalone software,Java,language,Site mapping,lz1asl,https://github.com/lz1asl/CaveSurvey,GitHub,,,,,,,,,,
af7d6d,ariadne,https://open-archaeo.info/post/ariadne/,ariadne,Scripts querying the ariadne infrastructure.,Scripts,R,language,Data management|Drivers and IO,SCSchmidt,https://github.com/SCSchmidt/ariadne,GitHub,,,,,,,,,,
48091f,heripo-engine,https://open-archaeo.info/post/heripo-engine/,heripo engine,TypeScript library for extracting structured data from archaeological excavation report PDFs using Docling and LLM-powered analysis,Packages and libraries,JavaScript,language,Data management|Machine learning|Schemas and ontologies|Drivers and IO,heripo lab,https://github.com/heripo-lab/heripo-engine,GitHub,,,,https://doi.org/10.22755/kjchs.2025.58.3.34,https://engine-demo.heripo.org,,,,,
adccba,scientific-toolkit,https://open-archaeo.info/post/scientific-toolkit/,scientific-toolkit,"Extensible toolkit for geoarchaeological analysis, with a strong emphasis on geochemical provenance methods.",Standalone software,Python,language,Geoarchaeology|X-Ray Fluorescence|Schemas and ontologies|Drivers and IO,sefy76,https://gitlab.com/sefy76/scientific-toolkit,GitLab,,,,,,,,,,
dcf933,loomtart,https://open-archaeo.info/post/loomtart/,loomtaRt,Loom weight and thread calculations for textile archaeology.,Packages and libraries,R,language,Textile archaeology,lsteinmann,https://github.com/lsteinmann/loomtaRt,GitHub,,,,,,,,,,
c0c714,phaser,https://open-archaeo.info/post/phaser/,PHASER,The PHASER application is intended to aid in the editing and analysis of archaeological stratigraphic data.,Standalone software,Web app,deployment,Chronological modelling|Data management|Harris matrix,cbinding,https://github.com/cbinding/phaser,GitHub,,,,,https://stratigraphic.github.io/phaser-app/,,,,,
ff888f,archaeological-informatization-poc,https://open-archaeo.info/post/archaeological-informatization-poc/,archaeological-informatization-poc,"Snapshot of the proof-of-concept pipeline from KIM Hongyeon's 2025 paper on LLM-based metadata extraction from archaeological excavation reports (PDF text/image extraction, caption mapping, LLM structuring, SQLite storage, glossary-augmented Q&A).",Standalone software,JavaScript,language,Data management|Machine learning|Schemas and ontologies|Drivers and IO,KIM Hongyeon,https://github.com/heripo-lab/archaeological-informatization-poc,GitHub,,,10.22755/KJCHS.2025.58.3.34,https://files.heripo.org/archaelogical-informatization-poc/(Eng._Version)_KIM_Hongyeon_2025_A_Study_on_Archaeological_Informatization_Using_Large_Language_Models.pdf,https://poc.heripo.org,,,,,
db7cee,hme-harrismatrixeditor,https://open-archaeo.info/post/hme-harrismatrixeditor/,HME-HarrisMatrixEditor,"A browser-based application for creating, editing, and visualizing archaeological stratigraphic relationships using the Harris Matrix method.",Standalone software,JavaScript,language,Harrix matrix,oeai-dac|Archaeotux,https://github.com/oeai-dac/HME-HarrisMatrixEditor,GitHub,,,,,,,,,,
7379b0,combitab,https://open-archaeo.info/post/combitab/,CombiTab,"CombiTab is a specialized software application designed for archaeologists to create, edit, and analyze seriation diagrams, commonly known as combination tables or Kombinationstabellen.",Standalone software,Python,language,Seriation,oeai-dac|Archaeotux,https://github.com/oeai-dac/CombiTab,GitHub,,,,,,,,,,
0d30dc,stochasi,https://open-archaeo.info/post/stochasi/,STOCHASI,"Stochastic Chronological Artifact Simulation) enables researchers to model and simulate the temporal transformation of artifact spectra, particularly focusing on ceramic assemblages such as Terra Sigillata. .",Standalone software,Python,language,Chronological modelling,oeai-dac|Archaeotux,https://github.com/oeai-dac/STOCHASI,GitHub,,,,,,,,,,
7512c2,qsaurus,https://open-archaeo.info/post/qsaurus/,QSaurus,"Developed by the Austrian Archaeological Institute, this plugin facilitate the integration of controlled vocabulary in QGIS.",Packages and libraries,QGIS,host application,Data management|Spatial analysis|Schemas and ontologies,oeai-dac,https://github.com/oeai-dac/QSaurus,GitHub,,,,,,,,,,
eabdf3,sherd-classification-models-and-code,https://open-archaeo.info/post/sherd-classification-models-and-code/,Sherd_classification_Models_and_Code,"This repository contains the Convolutional Neural Network (CNN) models and code used and developed by the Arch-I-Scan Project, towards automatic classification of sherd material.",Standalone software,Python,language,Machine learning|Ceramic analysis,ArchiScn,https://github.com/ArchiScn/Sherd_classification_Models_and_Code,GitHub,,,,,,,,,,
33adc9,astr,https://open-archaeo.info/post/astr/,ASTR,"ASTR defines and implements a community reporting standard for archaeometric datasets. It also provides easy-to-use functions for common plots, statistical analyses, data processing, and data transformation workflows in archaeometry.",Packages and libraries,R,language,Statistical analysis|Data management,archaeothommy,https://github.com/archaeothommy/ASTR,GitHub,,,,,,,,,,
bd36c2,heritage-scribe,https://open-archaeo.info/post/heritage-scribe/,heritage-scribe,A lightweight web application for creating AI‑generated catalogue entries and conservation assessments of archaeological sites and artworks.,Standalone software,Python,language,Museums|Machine learning,sohinimallick16,https://github.com/sohinimallick16/heritage-scribe,GitHub,,,,,,,,,,
d9ad5d,gneisswork,https://open-archaeo.info/post/gneisswork/,Gneisswork,A web application for field geological and sedimentological core logging. Create sedimentary logs in the field using any device with a browser.,Standalone software,,,Geoarchaeology|Diagrams and visualizations,stark1tty,https://github.com/stark1tty/Gneisswork,GitHub,,,,,https://gneisswork.app/,,,,,
74e390,awesome-historical-maps,https://open-archaeo.info/post/awesome-historical-maps/,awesome-historical-maps,"Meta guidance, tools, repositories, databases, search engines, and online resources for the exploration of Historic and Historical Maps.",Standalone software,,,Educational resources and practical guides|Lists,stark1tty,https://github.com/stark1tty/awesome-historical-maps,GitHub,,,,,https://historicmaps.world/,,,,,
